country,region,continent,uncovered_share_local,excess_share_local,max_uncovered_x_mean,n_runs,median_run_h,p95_run_h,max_run_h,peak_demand_local_h,peak_supply_local_h,phase_lag_h,spectral_diurnal_d,spectral_diurnal_s
PS,Asia-Pacific,Asia,0.5554439770809817,0.5554439770809817,2.077071148359333,369,15.0,17.0,40,22,12,10.0,0.5071618265597286,0.7814438607275273
BD,Asia-Pacific,Asia,0.5531353611650548,0.5531353611650547,1.8708324878807228,395,15.0,17.0,43,23,12,11.0,0.4711606922349162,0.7498866505747797
KH,Asia-Pacific,Asia,0.5462964641697602,0.5462964641697601,1.3973839108858856,380,15.0,17.05000000000001,23,21,12,9.0,0.3926062386325553,0.7570580701937645
SA,Asia-Pacific,Asia,0.5433750746998084,0.5433750746998086,1.7718864601235649,366,15.0,18.0,41,21,13,8.0,0.6140626095752154,0.7815737797990708
DZ,Africa/MENA,EurAfrMENA,0.538681055366756,0.5386810553667561,2.8288197047086197,375,15.0,18.30000000000001,44,21,12,9.0,0.6337031846572183,0.7631000428844068
BH,Asia-Pacific,Asia,0.5344859933562036,0.5344859933562034,2.07182511942786,375,15.0,17.0,22,21,12,9.0,0.49044620379193216,0.7883143980428475
MM,Asia-Pacific,Asia,0.5325311738161502,0.5325311738161502,2.4370733991574562,383,15.0,17.0,22,20,12,8.0,0.5064455895336144,0.7735096768916528
NE,Africa/MENA,EurAfrMENA,0.530446336430366,0.5304463364303661,5.064100217610121,390,15.0,18.0,42,20,12,8.0,0.3213575745536181,0.7841417281138359
MY,Asia-Pacific,Asia,0.5302750663779531,0.5302750663779532,2.222692795541366,382,15.0,18.94999999999999,41,20,12,8.0,0.3204454644400444,0.7535643348578797
SK,Europe,EurAfrMENA,0.5251161593583006,0.5251161593583007,1.9168395213056952,317,15.0,52.99999999999983,259,20,12,8.0,0.6567698739205999,0.6715869290657057
IR,Asia-Pacific,Asia,0.5236040034810442,0.5236040034810444,4.2483646369492885,294,5.0,41.0,674,21,14,7.0,0.2201724840880029,0.10593188917190675
SR,Latin America,Americas,0.5199643128564397,0.5199643128564396,2.2859055095193286,403,15.0,18.0,21,21,12,9.0,0.4404113115033197,0.7614330291755679
KR,Asia-Pacific,Asia,0.5150595586211325,0.5150595586211326,1.6256337651624717,391,15.0,20.0,69,21,12,9.0,0.5463608300148795,0.68172009469498
ID,Asia-Pacific,Asia,0.5131129839258163,0.5131129839258161,1.8408463175891059,398,14.5,17.0,22,22,13,9.0,0.39685303458092597,0.7555375446388984
CH,Europe,EurAfrMENA,0.5123957904749172,0.512395790474917,1.7983970418440347,358,15.0,43.0,95,19,12,7.0,0.601138131552034,0.6653742241078686
JP,Asia-Pacific,Asia,0.5109391737245954,0.5109391737245954,1.7109034258070805,365,15.0,18.0,59,22,12,10.0,0.4829444552955305,0.7453843099051063
TW,Asia-Pacific,Asia,0.5108654439048581,0.5108654439048581,1.7221578044866215,402,15.0,19.0,45,22,12,10.0,0.5205032096426988,0.7187013809747188
UA,Europe,EurAfrMENA,0.5062043828810399,0.5062043828810396,1.877482520064744,347,15.0,41.69999999999999,117,20,12,8.0,0.5747055403334005,0.7013957106854872
UG,Africa/MENA,EurAfrMENA,0.5032862348004276,0.5032862348004277,2.4560119605192225,393,15.0,17.0,41,21,12,9.0,0.566257610251124,0.77070056866383
HU,Europe,EurAfrMENA,0.5019169020753678,0.5019169020753678,1.8051543823403724,338,15.0,44.14999999999998,237,20,12,8.0,0.6679120218291741,0.6860848419040798
AE,Asia-Pacific,Asia,0.5016482663887235,0.5016482663887237,1.615423652710633,375,15.0,17.0,41,21,13,8.0,0.6228522608434308,0.7875875724171962
OM,Asia-Pacific,Asia,0.5001838615293702,0.5001838615293701,1.900693798647002,371,15.0,16.0,20,21,13,8.0,0.6127830788836287,0.7989122017603437
GF,Latin America,Americas,0.49772734936028973,0.49772734936028956,2.2973482358162105,423,15.0,19.0,45,14,12,2.0,0.4162233331729034,0.7360375054617624
AF,Asia-Pacific,Asia,0.4951124568842826,0.49511245688428285,2.301714239031345,370,15.0,18.0,42,21,12,9.0,0.3907414695003185,0.7845552035830435
NP,Asia-Pacific,Asia,0.49412424525551285,0.4941242452555127,2.1178497005675427,380,15.0,18.0,42,21,12,9.0,0.5707008933629193,0.7485600806941081
GH,Africa/MENA,EurAfrMENA,0.4939520568535028,0.4939520568535028,2.453168630757159,379,15.0,17.0,22,20,13,7.0,0.6835651479680712,0.7659333403590851
LC,North America,Americas,0.493629541506725,0.493629541506725,1.8310299770952954,373,15.0,17.0,20,21,13,8.0,0.5782897000231505,0.7983590280316925
CU,North America,Americas,0.4930899149818238,0.4930899149818238,1.8825552993999817,377,15.0,17.0,22,14,13,1.0,0.23600176752015598,0.78195909487789
BF,Africa/MENA,EurAfrMENA,0.4907722149687896,0.49077221496878987,3.2532065476652674,381,15.0,18.0,43,20,13,7.0,0.5687162377873258,0.7764082359538553
ZM,Africa/MENA,EurAfrMENA,0.49072185259555856,0.49072185259555856,2.274178311874047,396,15.0,17.0,20,21,12,9.0,0.5882338940916938,0.7791009850252031
IL,Asia-Pacific,Asia,0.4823474233261874,0.4823474233261874,1.925159080106143,366,15.0,19.0,66,14,12,2.0,0.6060294482931962,0.7823868528062398
EC,Latin America,Americas,0.4815051060226485,0.48150510602264834,2.2376193007907226,390,15.0,18.0,21,20,12,8.0,0.67040139216019,0.757293864232154
NG,Africa/MENA,EurAfrMENA,0.4804001782898447,0.4804001782898445,2.120529172050802,389,16.0,18.0,22,18,12,6.0,0.6406474191518859,0.751345997617816
CZ,Europe,EurAfrMENA,0.4697841361941283,0.4697841361941282,1.8825014182660553,357,13.0,44.19999999999999,189,20,12,8.0,0.672157145474821,0.6774330038974732
BI,Africa/MENA,EurAfrMENA,0.4658841777967879,0.46588417779678787,2.4495622421908085,395,15.0,18.0,20,13,12,1.0,0.5359004471674217,0.7686152411181384
RW,Africa/MENA,EurAfrMENA,0.4642981095014807,0.4642981095014806,2.2298402737002085,393,15.0,18.0,23,15,12,3.0,0.6708482801234608,0.7704833166607062
CO,Latin America,Americas,0.45965200479788526,0.4596520047978854,1.8351331209925725,367,16.0,18.0,20,15,12,3.0,0.7590103937551753,0.7804253993974315
SV,North America,Americas,0.44868058116522924,0.448680581165229,1.8390814838729839,402,15.0,17.0,20,14,12,2.0,0.7219160033716777,0.789392761399505
PA,North America,Americas,0.44494238067322334,0.44494238067322334,1.8584373691975362,431,15.0,19.0,42,15,12,3.0,0.743806034647769,0.714155748252969
NO,Europe,EurAfrMENA,0.4353225737985497,0.43532257379854955,1.7778194434503483,393,5.0,47.799999999999955,213,20,15,5.0,0.5879482677560689,0.040247395016849034
MG,Africa/MENA,EurAfrMENA,0.4342989787512414,0.4342989787512413,1.744879833605852,391,16.0,19.0,67,11,12,-1.0,0.7000941629849274,0.7482581705592641
RU,Europe,EurAfrMENA,0.42778865880900463,0.4277886588090043,2.0779640296618984,375,12.0,22.30000000000001,164,21,12,9.0,0.44769745533451677,0.6491541394238965
KZ,Asia-Pacific,Asia,0.4276207152533093,0.4276207152533091,1.9253158292180823,421,12.0,33.0,148,22,13,9.0,0.4458735050600959,0.3470211629115384
UZ,Asia-Pacific,Asia,0.4273669785051523,0.42736697850515243,2.1678331035355156,417,14.0,20.0,68,20,12,8.0,0.4212581545827746,0.6698917427329887
MU,Africa/MENA,EurAfrMENA,0.42617549765387364,0.42617549765387364,1.7871869897263148,396,15.0,18.0,42,21,12,9.0,0.5791506873168812,0.7799788349479024
JM,North America,Americas,0.4213848168549109,0.4213848168549108,1.8445365266160056,431,15.0,19.0,46,21,12,9.0,0.5528849438657534,0.6530388317600682
TH,Asia-Pacific,Asia,0.4177452096000048,0.41774520960000483,1.6867464403641999,440,14.0,17.0,21,21,12,9.0,0.5442138926938263,0.7538529634883275
BG,Europe,EurAfrMENA,0.41199890228376507,0.4119989022837653,1.646357986239202,464,12.0,22.0,92,14,13,1.0,0.6787451376868298,0.7143707647947659
JO,Asia-Pacific,Asia,0.4114718193780716,0.41147181937807137,2.008877252335569,392,14.0,17.0,20,22,12,10.0,0.49916191435329216,0.7574755001462911
KW,Asia-Pacific,Asia,0.41113895918919763,0.4111389591891976,1.6302849179932188,403,14.0,18.0,41,22,12,10.0,0.6070645065788373,0.7003172587680978
MA,Africa/MENA,EurAfrMENA,0.4053364149485406,0.4053364149485408,2.8213580839388808,274,8.0,84.0,112,20,13,7.0,0.6803411393830154,0.09620292780410353
IT,Europe,EurAfrMENA,0.40171936719222967,0.40171936719222945,1.8066916560817825,436,13.0,21.0,69,15,12,3.0,0.6712226860738456,0.7023224555264289
VN,Asia-Pacific,Asia,0.39934644486707765,0.39934644486707743,2.056477438437687,439,14.0,18.0,41,21,12,9.0,0.5464850887324677,0.7379114777380785
GR,Europe,EurAfrMENA,0.3979602435433436,0.3979602435433436,1.9199828542649675,477,11.0,20.0,54,21,13,8.0,0.6823550072959723,0.6218469882802444
SE,Europe,EurAfrMENA,0.3970318111852031,0.3970318111852029,1.8799566057971255,356,6.0,48.5,200,20,14,6.0,0.5826730298538072,0.028155091041500633
PH,Asia-Pacific,Asia,0.396755048522941,0.396755048522941,1.6685557937735558,396,15.0,17.0,40,21,12,9.0,0.4870032872443931,0.7548297261288482
LK,Asia-Pacific,Asia,0.39514238953604425,0.3951423895360441,1.5608382530908909,469,15.0,18.0,43,21,12,9.0,0.5663455426557639,0.7655073105225706
BO,Latin America,Americas,0.3937526646898615,0.39375266468986153,2.017339579334412,414,14.0,18.0,19,20,12,8.0,0.63853375525902,0.7736629814031672
FI,Europe,EurAfrMENA,0.3870857522491102,0.3870857522491104,2.162728099599703,282,9.0,52.69999999999993,158,20,15,5.0,0.5927869232887772,0.021677184172475286
NI,North America,Americas,0.3824928994474023,0.38249289944740217,1.8795849007211363,452,4.0,30.44999999999999,286,21,12,9.0,0.5798420179479706,0.09969490925122763
CR,North America,Americas,0.3767513579450738,0.37675135794507353,1.741948516134829,614,5.0,24.0,85,20,13,7.0,0.7369643450187865,0.42523924797527934
DO,North America,Americas,0.37226487336327985,0.3722648733632799,1.6785290833162947,471,14.0,18.0,66,20,12,8.0,0.7386912427876077,0.6914897750589266
TR,Asia-Pacific,Asia,0.3690682315253239,0.3690682315253241,2.29695015094962,407,12.0,20.0,70,20,12,8.0,0.6212438666475628,0.5826269575669288
GT,North America,Americas,0.36729234861599397,0.367292348615994,1.6508520064264618,509,9.0,19.0,42,15,12,3.0,0.7177231863680754,0.3937666737683576
ET,Africa/MENA,EurAfrMENA,0.3638301696425007,0.36383016964250053,2.561261768786157,508,7.0,20.0,95,20,22,-2.0,0.6853935271381446,0.3595146962066353
HN,North America,Americas,0.35473430838943204,0.354734308389432,1.7724138708273587,457,10.0,18.0,41,21,12,9.0,0.6728701805955692,0.6548563097690535
PT,Europe,EurAfrMENA,0.3504149040483726,0.3504149040483727,1.77527048371296,479,10.0,21.0,58,20,12,8.0,0.6988073343292532,0.5544803063328467
BY,Europe,EurAfrMENA,0.3492088296592869,0.3492088296592869,2.224045990374038,490,7.0,28.0,138,20,12,8.0,0.5287096227731829,0.4822495042022439
TN,Africa/MENA,EurAfrMENA,0.34536359780635456,0.34536359780635484,2.1000767494798023,449,10.0,19.0,46,21,13,8.0,0.6851073343914241,0.6816067252891774
LY,Africa/MENA,EurAfrMENA,0.3358626700659317,0.3358626700659315,2.3767699233738404,403,13.0,17.0,20,23,12,11.0,0.4576014396756069,0.6648718280903769
UY,Latin America,Americas,0.33509480607391495,0.3350948060739147,1.7392130903210492,415,10.0,33.59999999999991,74,20,23,-3.0,0.7086905017164787,0.04396665595454975
AT,Europe,EurAfrMENA,0.3339544256663464,0.3339544256663463,1.733877846473352,485,6.0,22.799999999999955,112,20,12,8.0,0.6328254660626158,0.5029339099893594
RO,Europe,EurAfrMENA,0.32708587703234826,0.32708587703234815,1.6457161021155364,474,7.0,30.699999999999932,92,20,13,7.0,0.6711984442103351,0.5418013117922724
FJ,Asia-Pacific,Oceania,0.32580533292953084,0.32580533292953057,1.8706839211891355,539,5.0,31.0,112,11,13,-2.0,0.5540119444023771,0.31759437794027
PL,Europe,EurAfrMENA,0.3235576945434712,0.32355769454347144,1.7318284744305887,449,7.0,33.599999999999966,114,20,12,8.0,0.6884953467441244,0.5418962356003065
KE,Africa/MENA,EurAfrMENA,0.32275085836182815,0.32275085836182815,2.132193900681889,429,9.0,21.0,118,19,10,9.0,0.5815836429309966,0.3374837307881809
CL,Latin America,Americas,0.3130990404881814,0.31309904048818127,1.942638830064106,479,8.0,19.0,42,20,12,8.0,0.6904715565304116,0.6551885165414073
IE,Europe,EurAfrMENA,0.31227355287305647,0.31227355287305636,2.2074765375064986,366,7.0,38.75,191,19,12,7.0,0.3591393677347688,0.07914589767073647
NZ,Asia-Pacific,Oceania,0.31133384548295717,0.311333845482957,1.7325026001809676,389,7.0,42.0,117,14,12,2.0,0.705764011824717,0.13206371546932733
SN,Africa/MENA,EurAfrMENA,0.3098105406456489,0.3098105406456486,3.5509920823403784,527,7.0,18.69999999999999,43,19,13,6.0,0.47737520022431507,0.6482778533861523
ZA,Africa/MENA,EurAfrMENA,0.3097395002770905,0.30973950027709046,1.603610417483946,502,10.0,18.0,43,20,13,7.0,0.6722755462205002,0.7865010431562758
PY,Latin America,Americas,0.3012531134658787,0.3012531134658788,1.8107576956534586,602,6.0,20.0,79,14,12,2.0,0.667304741168966,0.4303951986131192
MN,Asia-Pacific,Asia,0.3010309138549441,0.3010309138549443,1.7754487406385375,492,6.0,31.44999999999999,111,21,13,8.0,0.6534104033559979,0.19682275887133344
IN,Asia-Pacific,Asia,0.2992177343071252,0.2992177343071253,1.5676275654618472,462,9.0,18.0,20,21,12,9.0,0.655196537824339,0.7243594364117569
EE,Europe,EurAfrMENA,0.29836766658211245,0.2983676665821125,1.6924849629520375,397,6.0,42.0,110,20,13,7.0,0.6574217367027231,0.24866595840479694
PK,Asia-Pacific,Asia,0.2967379380165541,0.29673793801655396,1.6521785123907018,458,9.0,19.0,50,21,13,8.0,0.5968039947464873,0.5470270387795118
CV,Africa/MENA,EurAfrMENA,0.28323891895417613,0.2832389189541761,1.9948997340035066,466,5.0,34.0,277,15,12,3.0,0.6643837750978329,0.2667239210874538
AR,Latin America,Americas,0.2808816193441207,0.28088161934412065,1.8331343762469614,490,6.0,32.549999999999955,108,21,14,7.0,0.6808819207265797,0.2188979025360307
MR,Africa/MENA,EurAfrMENA,0.27995560515851836,0.27995560515851836,4.303846204180919,497,5.0,23.0,121,19,14,5.0,0.5471173100545058,0.12067001272375596
EG,Africa/MENA,EurAfrMENA,0.26704504971141957,0.2670450497114196,1.7716971144528728,419,9.0,22.0,80,22,13,9.0,0.5963772400392316,0.30601544030088706
ES,Europe,EurAfrMENA,0.26080915509576463,0.2608091550957648,1.6821183575528842,540,7.0,20.049999999999955,56,15,13,2.0,0.5940600876901064,0.6194355550086269
DK,Europe,EurAfrMENA,0.2606108852906956,0.26061088529069554,1.5950900589166639,434,5.0,34.349999999999966,89,20,13,7.0,0.6281618340442369,0.11910498116306915
NL,Europe,EurAfrMENA,0.25973511465831034,0.25973511465831006,1.6558726585621737,368,8.0,36.94999999999993,114,19,16,3.0,0.6176117253647231,0.030066409655099505
AU,Asia-Pacific,Oceania,0.25935491233431684,0.25935491233431684,1.8156921203785867,501,8.0,20.0,67,14,13,1.0,0.6658385729736447,0.702289337385631
CN,Asia-Pacific,Asia,0.24989143322975196,0.249891433229752,1.1703145346829793,420,14.0,19.0,43,22,13,9.0,0.21654236758226109,0.7144155576918945
GB,Europe,EurAfrMENA,0.2451540996344414,0.2451540996344414,1.48391898034746,367,8.0,34.69999999999999,185,20,13,7.0,0.6861662044493595,0.16194845127661336
MX,North America,Americas,0.24378976900991844,0.24378976900991847,1.5227941668500808,478,7.0,20.0,70,21,12,9.0,0.7269032493491362,0.5131528012953047
BR,Latin America,Americas,0.23947708255286126,0.23947708255286151,1.4296010761885931,524,8.0,19.0,44,20,12,8.0,0.700538996263612,0.6945170882054436
BE,Europe,EurAfrMENA,0.2392052981027593,0.23920529810275942,1.7017866480724522,531,5.0,20.0,139,19,12,7.0,0.6567151505795203,0.33632478583827374
FR,Europe,EurAfrMENA,0.23361749266101928,0.2336174926610193,1.6600278147132386,516,6.0,20.0,109,19,12,7.0,0.669488545583967,0.4737989252065918
PE,Latin America,Americas,0.23214737853020873,0.23214737853020864,1.7155031980893598,492,7.0,21.44999999999999,115,21,13,8.0,0.768441192824546,0.492534008967339
DE,Europe,EurAfrMENA,0.22641126913037166,0.22641126913037143,1.574643542913714,409,7.0,34.599999999999966,115,20,12,8.0,0.6010046821011789,0.38151188806377295
CA,North America,Americas,0.22424675826823215,0.22424675826823207,1.3690133249946834,379,8.0,40.099999999999966,130,14,13,1.0,0.6641614706517016,0.09935485264351836
US,North America,Americas,0.1676904754423953,0.1676904754423955,1.3326741290601647,545,6.0,21.0,84,13,13,0.0,0.7426557175981072,0.6196549816577791
