country,region,n_home_stations,n_partners,dom_nnls,dom_lp,rt_nnls,rt_lp
AE,Asia-Pacific,1,38,0.5016482664353473,0.5016482664353473,0.09410412668232168,0.09223008648817634
AF,Asia-Pacific,1,39,0.4974952908985689,0.4974952908985689,0.12586695731082073,0.12228009991432662
AR,Latin America,2,39,0.26474359559921723,0.2644105376891956,0.13224567201450124,0.13074418449637204
AT,Europe,1,38,0.44505568214972374,0.4450556821497237,0.1857966002807493,0.18182257855131354
AU,Asia-Pacific,12,38,0.21540460530012528,0.21459900175455227,0.09551919279720335,0.09239829706131492
BD,Asia-Pacific,1,39,0.5850918337033318,0.5850918337033318,0.12280138250231044,0.11664864686842177
BE,Europe,2,38,0.23921350849321044,0.23888522112058935,0.11856165923989184,0.1187697305163779
BF,Africa/MENA,1,39,0.4907722148681151,0.4907722148681151,0.13923893254113517,0.13764296035245852
BG,Europe,2,39,0.3177164205045629,0.31698931935317304,0.12749541841200082,0.1226473749501295
BH,Asia-Pacific,1,38,0.5494404107159028,0.5494404107159028,0.10687033215212816,0.10411724904395543
BI,Africa/MENA,1,39,0.46588417772590635,0.46588417772590635,0.10483048305125799,0.10433978226962826
BO,Latin America,1,39,0.48485296615477963,0.48485296615477963,0.13065352140943584,0.12969080185069196
BR,Latin America,15,38,0.17179141067903717,0.17147487640863113,0.09124689944634652,0.09095366529259012
BY,Europe,1,39,0.5466057041693771,0.5466057041693771,0.15011747748619683,0.1472140990029665
CA,North America,12,38,0.1874465053056115,0.18686404286814773,0.09183141946931325,0.0905800002222137
CH,Europe,1,38,0.517883765909733,0.517883765909733,0.1511027550678056,0.1465810416219336
CL,Latin America,7,38,0.29787078298388703,0.2972824675151435,0.13497721969662274,0.1351031288766447
CN,Asia-Pacific,75,38,0.11943467542819228,0.11901446630131796,0.06400290212964183,0.06327692534216278
CO,Latin America,1,39,0.46542910477484,0.46542910477484,0.12216003730345235,0.12148969694785668
CR,North America,1,39,0.49597137817347986,0.49597137817347986,0.10288796055923129,0.10221086788164281
CU,North America,2,39,0.28487066467128824,0.2845472063248665,0.12372405731271865,0.1237053417153848
CV,Africa/MENA,1,39,0.44658761159373195,0.44658761159373195,0.16218009275878187,0.15934920135421768
CZ,Europe,2,39,0.5233920215890386,0.5233919594671299,0.14440370412035763,0.14051037125863292
DE,Europe,12,38,0.22140987499296375,0.22137250840662215,0.10350228760268768,0.10132936781358146
DK,Europe,3,38,0.23880854805353768,0.2382152812147834,0.11378215902635011,0.11398643179842445
DO,North America,2,39,0.3254059022887916,0.32302784396386075,0.1303243051404118,0.1323234867559331
DZ,Africa/MENA,1,39,0.5386810553288525,0.5386810553288525,0.14082098627099796,0.13841640198831584
EC,Latin America,1,39,0.48862737148743557,0.48862737148743574,0.12477719956499597,0.12369462894538438
EE,Europe,1,39,0.37952174852382253,0.3795217485238225,0.1764778547082987,0.17245001571486032
EG,Africa/MENA,2,38,0.2616909103895914,0.26062902674987354,0.1331377156831039,0.12493654047510533
ES,Europe,12,38,0.2308198649156162,0.23025716439256438,0.11294675389935552,0.11206613289785
ET,Africa/MENA,1,39,0.36383016938544155,0.36383016938544155,0.1701223833409056,0.1642313198960706
FI,Europe,1,38,0.4072480778416624,0.4072480778416624,0.19317554227458275,0.19103918098720468
FJ,Asia-Pacific,1,39,0.474949713986408,0.474949713986408,0.21239169833121455,0.21073328406429861
FR,Europe,17,38,0.21914707013590165,0.2186054137087044,0.1029158733763658,0.10187466935047648
GB,Europe,16,38,0.19615258101429697,0.19597687200864045,0.08643517129943405,0.08490577837015245
GF,Latin America,1,39,0.4977273490970263,0.4977273490970263,0.18041986010024086,0.17699067049858405
GH,Africa/MENA,1,39,0.49395205691706934,0.49395205691706934,0.12013772303688097,0.11938663786859242
GR,Europe,2,38,0.39195539280352415,0.3865911899401759,0.134140176391599,0.13233202790169316
GT,North America,2,39,0.3743799125630104,0.3670245935213828,0.11203171449220799,0.11430518676395598
HN,North America,2,39,0.3407928229263081,0.33634111662768224,0.11758537845903612,0.11795966064038768
HU,Europe,1,39,0.5329625090490686,0.5329625090490686,0.14640148285652055,0.14111325402815658
ID,Asia-Pacific,2,38,0.40305491096788015,0.3847300037333982,0.13571944456025967,0.1394086177954458
IE,Europe,2,38,0.32615478578741214,0.3260775633592067,0.1706246979193465,0.1680764216288597
IL,Asia-Pacific,2,38,0.42940004243854957,0.4121624234656638,0.11209296551781182,0.11874451601470137
IN,Asia-Pacific,28,38,0.22474162327426095,0.22319567533275425,0.1036115480202129,0.10223733951036995
IR,Asia-Pacific,2,39,0.4633732794541407,0.4606355141629493,0.2298648274519961,0.22040403691890256
IT,Europe,4,38,0.3927024446516287,0.39062329592901995,0.13389063447734523,0.13365917842686303
JM,North America,2,39,0.43150269401122154,0.4089234006464251,0.11257269886736868,0.12328740565457533
JO,Asia-Pacific,2,39,0.556671312554045,0.556360210284892,0.11928727307847434,0.11722834328443331
JP,Asia-Pacific,9,38,0.39213378841807417,0.38714573183398465,0.1399987612177138,0.1389015279461271
KE,Africa/MENA,2,39,0.3072065603690502,0.3071515016708005,0.12019082989158686,0.1162598975820833
KH,Asia-Pacific,1,39,0.54629646413169,0.54629646413169,0.12440892912561177,0.11841995407831261
KR,Asia-Pacific,2,38,0.4025600389248298,0.3890910585008766,0.13456152347028846,0.1360671533339476
KW,Asia-Pacific,1,38,0.5754653832631593,0.5754653832631593,0.10630933811187838,0.10415936450730831
KZ,Asia-Pacific,1,39,0.5292209121209938,0.5292209121209938,0.13389030953508724,0.12458579541758008
LC,North America,1,39,0.49362954141947557,0.49362954141947557,0.14396392183315715,0.1422580846198116
LK,Asia-Pacific,2,39,0.2813254557897937,0.27998916275412866,0.11946938769646773,0.11836494835663657
LY,Africa/MENA,2,39,0.24003481807560736,0.24002088839471894,0.11227833274307782,0.10862194475556873
MA,Africa/MENA,2,39,0.35031987228766465,0.34741644073969474,0.14507617434086192,0.1442619813552055
MG,Africa/MENA,1,39,0.43429897873290185,0.43429897873290185,0.09553623644191418,0.09419363334354793
MM,Asia-Pacific,1,39,0.5325311739342563,0.5325311739342563,0.14744970169816574,0.14242078211293516
MN,Asia-Pacific,2,39,0.2855264381584146,0.2851529134953687,0.13691571708643874,0.13571693665807202
MR,Africa/MENA,2,39,0.26463385871428574,0.2643829787085568,0.13551818128450474,0.1336454537438848
MU,Africa/MENA,1,39,0.48560943090431974,0.48560943090431974,0.1018639198112788,0.10022825343153335
MX,North America,5,38,0.23686513396758394,0.23658063698568352,0.10878286198687666,0.10675520394794899
MY,Asia-Pacific,1,38,0.5302750662268187,0.5302750662268187,0.1665532086860994,0.16261576657969998
NE,Africa/MENA,1,39,0.5304463362936619,0.5304463362936619,0.14557538213914833,0.14513756819444326
NG,Africa/MENA,1,39,0.48040017830245485,0.48040017830245485,0.12825598545257214,0.12652253032626148
NI,North America,1,39,0.4831369115293906,0.4831369115293905,0.11287018310492171,0.1091881106591089
NL,Europe,3,38,0.21229913179879206,0.21226323542066725,0.10647448536054338,0.10582099846004459
NO,Europe,1,38,0.45915644255823157,0.45915644255823157,0.20301801655733,0.20169367245786202
NP,Asia-Pacific,1,39,0.4941242451635822,0.49412424516358217,0.14905833912431882,0.14718319091145188
NZ,Asia-Pacific,1,38,0.39687113658802925,0.39687113658802925,0.19034126176539867,0.1856650757175842
OM,Asia-Pacific,1,39,0.5297920869513008,0.5297920869513008,0.10117835644715734,0.09904989139520959
PA,North America,1,39,0.49497785166792346,0.49497785166792346,0.11050085390155064,0.10957083937747536
PE,Latin America,2,39,0.22953328277728244,0.2294374443275073,0.10835058296256052,0.10662207584597459
PH,Asia-Pacific,4,39,0.27929694676830474,0.27893345261282804,0.12162142157763826,0.11450990569650231
PK,Asia-Pacific,2,39,0.275461534005635,0.27539349502257016,0.11434469218618945,0.11235692717930484
PL,Europe,4,38,0.296767860005964,0.295954890413664,0.12678881701836217,0.12183258598340857
PS,Asia-Pacific,1,39,0.5554439771469654,0.5554439771469654,0.11151806050456854,0.11042504042004507
PT,Europe,2,39,0.3531970663886177,0.347736377327274,0.13973287547888572,0.13882421977899045
PY,Latin America,2,39,0.3052637353557842,0.29820775527173804,0.15479474173201108,0.1536319616606285
RO,Europe,2,39,0.31651859630457985,0.31498615579618305,0.13393442215359522,0.12929925935392325
RU,Europe,2,39,0.35241566500177723,0.35070907225794434,0.15480626160698938,0.15126500940824364
RW,Africa/MENA,1,39,0.4642981095227978,0.4642981095227978,0.0998459839754844,0.09857938695314003
SA,Asia-Pacific,1,38,0.5791465131461463,0.5791465131461463,0.12263943951075594,0.12045849294234987
SE,Europe,1,38,0.44761180105807047,0.44761180105807047,0.1956097196671293,0.1920981780881691
SK,Europe,1,39,0.5274005551528946,0.5274005551528946,0.1444784653532982,0.13908326822689676
SN,Africa/MENA,1,39,0.5089763339279683,0.5089763339279683,0.16553208764743918,0.16445586334724463
SR,Latin America,1,39,0.5199643130301328,0.5199643130301328,0.17849823679576962,0.17490924751987674
SV,North America,1,39,0.4687929673855721,0.4687929673855721,0.10329446247206037,0.10129815752264625
TH,Asia-Pacific,4,38,0.3351844523342112,0.3292226178026341,0.13129275903701637,0.13001139948147408
TN,Africa/MENA,1,39,0.3879238087973616,0.3879238087973616,0.18980676788767104,0.1880894597031122
TR,Asia-Pacific,2,38,0.360440782243938,0.35768271775234123,0.1222271020693834,0.12361491206093247
TW,Asia-Pacific,2,38,0.4857612784574164,0.4343972884745772,0.12780309265300052,0.1308407454729109
UA,Europe,1,39,0.5062043827750482,0.5062043827750482,0.12425489667835424,0.12188221460377016
UG,Africa/MENA,1,39,0.5032862347139122,0.5032862347139122,0.11953438353296762,0.11803802446008922
US,North America,90,38,0.10569565511090294,0.10516347812319436,0.05535967520357616,0.05537846960550905
UY,Latin America,3,39,0.2589577574238276,0.25745971554117764,0.13205557137614515,0.13104235475968376
UZ,Asia-Pacific,1,39,0.5125874569335954,0.5125874569335954,0.1335812984662828,0.12779914454412447
VN,Asia-Pacific,3,39,0.3327281731972954,0.3281239009652071,0.1290741779470805,0.12705404920810356
ZA,Africa/MENA,8,38,0.23058902481229876,0.2290445863956561,0.10603100482342809,0.10628226962471123
ZM,Africa/MENA,1,39,0.4907218525779552,0.4907218525779552,0.11072907977234321,0.10892742249422514
