sender_country,receiver_country,weight,recv_lon,recv_lat,send_lon,send_lat
AE,AT,0.04785465016299383,16.843,48.085,55.368,24.754
AE,ES,0.07950764565671423,-3.72,40.031,55.368,24.754
AE,FI,0.026082472158486112,24.52,65.563,55.368,24.754
AE,IE,0.07551929024297911,-8.248,52.679,55.368,24.754
AE,NO,0.02061820349439782,8.132,63.44,55.368,24.754
AE,SE,0.03515831393277888,16.282,63.654,55.368,24.754
AF,AT,0.030558179419226374,16.843,48.085,65.794,31.647
AF,ES,0.13214539881963558,-3.72,40.031,65.794,31.647
AF,FI,0.01332451944605354,24.52,65.563,65.794,31.647
AF,IE,0.048855214359758634,-8.248,52.679,65.794,31.647
AF,NO,0.015367269476569112,8.132,63.44,65.794,31.647
AF,SE,0.029431768446624592,16.282,63.654,65.794,31.647
AR,BR,0.09409925808492653,-41.076,-10.964,-66.322,-29.598
AT,AE,0.008340042849818876,55.368,24.754,16.843,48.085
AT,BE,0.003869682207204336,3.208,51.542,16.843,48.085
AT,EG,0.06421466755575603,32.667,26.551,16.843,48.085
AT,ES,0.04997238423689246,-3.72,40.031,16.843,48.085
AT,FI,0.0124204253141566,24.52,65.563,16.843,48.085
AT,GB,0.003953259789185193,-2.227,53.821,16.843,48.085
AT,IE,0.00540073499913305,-8.248,52.679,16.843,48.085
AT,NL,0.07827814117718299,4.945,52.875,16.843,48.085
AT,NO,0.001502852839318298,8.132,63.44,16.843,48.085
AT,SE,0.013654291238283692,16.282,63.654,16.843,48.085
AU,ID,0.006384570582757951,118.0,-2.0,144.154,-31.773
AU,MY,0.023057737760682994,101.67,2.751,144.154,-31.773
AU,NZ,0.053248488523701384,175.062,-40.949,144.154,-31.773
BD,EG,0.12076587811451747,32.667,26.551,92.256,20.982
BD,IL,0.10938271664493407,34.764,31.223,92.256,20.982
BD,KR,0.024487565606810487,127.036,34.738,92.256,20.982
BD,TR,0.015170490324437725,31.238,39.049,92.256,20.982
BE,AT,0.008695784539329477,16.843,48.085,3.208,51.542
BE,CA,0.09969735661771756,-82.375,46.296,3.208,51.542
BE,NO,0.002585250259004126,8.132,63.44,3.208,51.542
BF,AT,0.05929978343415139,16.843,48.085,-1.637,12.307
BF,BR,0.08408314906993523,-41.076,-10.964,-1.637,12.307
BF,FI,0.02868756111334403,24.52,65.563,-1.637,12.307
BF,IE,0.040303330448595645,-8.248,52.679,-1.637,12.307
BF,NO,0.013083910778054157,8.132,63.44,-1.637,12.307
BF,SE,0.03726061721089066,16.282,63.654,-1.637,12.307
BG,AT,0.0182128406547593,16.843,48.085,26.619,43.005
BG,ES,0.023331467143186586,-3.72,40.031,26.619,43.005
BG,FI,0.019465101914808585,24.52,65.563,26.619,43.005
BG,IE,0.05417873857574043,-8.248,52.679,26.619,43.005
BG,NO,0.013444058331874037,8.132,63.44,26.619,43.005
BG,SE,0.013754564661640774,16.282,63.654,26.619,43.005
BH,AT,0.0684307753106364,16.843,48.085,50.58,26.1
BH,ES,0.04537379959026143,-3.72,40.031,50.58,26.1
BH,FI,0.03436089309934517,24.52,65.563,50.58,26.1
BH,IE,0.07942677821589707,-8.248,52.679,50.58,26.1
BH,NO,0.021914752185291018,8.132,63.44,50.58,26.1
BH,SE,0.05552624451939425,16.282,63.654,50.58,26.1
BI,AT,0.11904241318249133,16.843,48.085,30.03,-3.42
BI,NL,0.09858521461896426,4.945,52.875,30.03,-3.42
BI,PL,0.021920243260151438,17.38,53.213,30.03,-3.42
BO,BR,0.2122928915811241,-41.076,-10.964,-67.65,-20.75
BR,CL,0.059044003510198256,-70.155,-26.329,-41.076,-10.964
BY,AT,0.06711839128213838,16.843,48.085,31.385,53.38
BY,ES,0.029813686325259315,-3.72,40.031,31.385,53.38
BY,FI,0.056872338081073504,24.52,65.563,31.385,53.38
BY,IE,0.08830458459999345,-8.248,52.679,31.385,53.38
BY,NO,0.0324657091706457,8.132,63.44,31.385,53.38
BY,SE,0.02795963413377679,16.282,63.654,31.385,53.38
CA,FI,0.01909910431090522,24.52,65.563,-82.375,46.296
CA,IE,0.023585193700785993,-8.248,52.679,-82.375,46.296
CA,NO,0.0019003448338059904,8.132,63.44,-82.375,46.296
CA,PL,0.008245979144004875,17.38,53.213,-82.375,46.296
CA,SE,0.005445020108836427,16.282,63.654,-82.375,46.296
CA,US,0.016730987336165633,-99.818,37.615,-82.375,46.296
CH,AT,0.03126973042454729,16.843,48.085,7.299,47.384
CH,CA,0.23623594298986256,-82.375,46.296,7.299,47.384
CH,FI,0.018714299080520507,24.52,65.563,7.299,47.384
CH,IE,0.027370330845870365,-8.248,52.679,7.299,47.384
CH,NO,0.0031058572425607302,8.132,63.44,7.299,47.384
CH,SE,0.008291194298694368,16.282,63.654,7.299,47.384
CL,BR,0.11594363326403642,-41.076,-10.964,-70.155,-26.329
CN,FI,0.006420880841652357,24.52,65.563,108.792,38.61
CN,ID,0.004177377337861134,118.0,-2.0,108.792,38.61
CN,IL,0.020377359767378814,34.764,31.223,108.792,38.61
CN,JP,0.004339138812007379,136.251,35.764,108.792,38.61
CN,SE,0.009965821976598682,16.282,63.654,108.792,38.61
CN,TR,0.006598844501409596,31.238,39.049,108.792,38.61
CO,BR,0.09006517372733588,-41.076,-10.964,-73.765,9.69
CO,CA,0.09533911555357856,-82.375,46.296,-73.765,9.69
CO,US,0.036679633497271234,-99.818,37.615,-73.765,9.69
CR,BR,0.12992851816116036,-41.076,-10.964,-84.505,10.58
CR,CA,0.10643689283284136,-82.375,46.296,-84.505,10.58
CU,BR,0.1067794127591463,-41.076,-10.964,-77.643,21.493
CU,CA,0.018254538033189403,-82.375,46.296,-77.643,21.493
CV,AT,0.04505344628740792,16.843,48.085,-23.544,14.91
CV,CA,0.10437930668768124,-82.375,46.296,-23.544,14.91
CV,FI,0.025047237443149715,24.52,65.563,-23.544,14.91
CV,IE,0.03662745505861323,-8.248,52.679,-23.544,14.91
CV,NO,0.0070892839513945404,8.132,63.44,-23.544,14.91
CV,SE,0.02312585107930097,16.282,63.654,-23.544,14.91
CZ,AT,0.07557721350295475,16.843,48.085,15.394,49.636
CZ,FI,0.053144529873614864,24.52,65.563,15.394,49.636
CZ,IE,0.1093554244769518,-8.248,52.679,15.394,49.636
CZ,NO,0.02730548367369792,8.132,63.44,15.394,49.636
CZ,SE,0.03229232303972559,16.282,63.654,15.394,49.636
DE,CA,0.10394194700044189,-82.375,46.296,10.674,52.577
DK,AE,0.004532729985967079,55.368,24.754,10.241,55.6
DK,CA,0.10422856889183205,-82.375,46.296,10.241,55.6
DK,IE,0.0028205235929599113,-8.248,52.679,10.241,55.6
DO,BR,0.025022684015280777,-41.076,-10.964,-71.027,18.764
DO,IE,0.08192387507263343,-8.248,52.679,-71.027,18.764
DO,US,0.03969976257889014,-99.818,37.615,-71.027,18.764
DZ,AT,0.08393294306400173,16.843,48.085,4.173,34.769
DZ,FI,0.046696712784641665,24.52,65.563,4.173,34.769
DZ,IE,0.08175468414309256,-8.248,52.679,4.173,34.769
DZ,NO,0.012996400275441883,8.132,63.44,4.173,34.769
DZ,SE,0.06323515843728199,16.282,63.654,4.173,34.769
EC,BR,0.07800411392930252,-41.076,-10.964,-78.236,0.025
EC,CA,0.13228784025932133,-82.375,46.296,-78.236,0.025
EC,US,0.017865980382186973,-99.818,37.615,-78.236,0.025
EE,CA,0.07099040796627977,-82.375,46.296,23.591,58.806
EE,ES,0.06255571910852209,-3.72,40.031,23.591,58.806
EE,IE,0.0027277949865109766,-8.248,52.679,23.591,58.806
EE,KW,0.015861459956376545,47.71,28.89,23.591,58.806
EE,SA,0.039310851355408356,38.795,31.62,23.591,58.806
EE,TR,0.004657170297864573,31.238,39.049,23.591,58.806
EG,AT,0.02935696390360143,16.843,48.085,32.667,26.551
EG,ES,0.036273325102285946,-3.72,40.031,32.667,26.551
EG,FI,0.005074660506863282,24.52,65.563,32.667,26.551
EG,IE,0.018499151663069348,-8.248,52.679,32.667,26.551
EG,NO,0.009520714131365854,8.132,63.44,32.667,26.551
EG,SE,0.01268061929980037,16.282,63.654,32.667,26.551
ES,AE,0.005828237601234941,55.368,24.754,-3.72,40.031
ES,CA,0.08176420587305402,-82.375,46.296,-3.72,40.031
ES,FI,0.008654851506426087,24.52,65.563,-3.72,40.031
ES,NO,0.004447242983440747,8.132,63.44,-3.72,40.031
ES,SE,0.0016498033750172152,16.282,63.654,-3.72,40.031
ET,BE,0.008019349181450714,3.208,51.542,39.249,8.591
ET,CH,0.016199247236137644,7.299,47.384,39.249,8.591
ET,ES,0.004511572600837735,-3.72,40.031,39.249,8.591
ET,FI,0.02202122556924844,24.52,65.563,39.249,8.591
ET,FR,0.0035189894411276758,2.152,46.853,39.249,8.591
ET,GB,0.07512648164575826,-2.227,53.821,39.249,8.591
ET,IL,0.03385853808095126,34.764,31.223,39.249,8.591
ET,NO,0.005793343439921438,8.132,63.44,39.249,8.591
ET,SE,0.004973755824772085,16.282,63.654,39.249,8.591
ET,TR,0.01981999133207605,31.238,39.049,39.249,8.591
FI,AE,0.002474824112560776,55.368,24.754,24.52,65.563
FI,AT,0.0021660653821882567,16.843,48.085,24.52,65.563
FI,CA,0.09008291139506165,-82.375,46.296,24.52,65.563
FI,ES,0.06777391789104069,-3.72,40.031,24.52,65.563
FI,IE,0.0048005383542644615,-8.248,52.679,24.52,65.563
FI,IT,0.003468621097213185,14.277,41.189,24.52,65.563
FI,KW,0.013063983113570881,47.71,28.89,24.52,65.563
FI,SA,0.02089179421500573,38.795,31.62,24.52,65.563
FI,TR,0.0033461459963234175,31.238,39.049,24.52,65.563
FJ,AU,0.18472506045339657,144.154,-31.773,177.506,-18.113
FJ,NZ,0.0654004965909948,175.062,-40.949,177.506,-18.113
FR,CA,0.10083032092141646,-82.375,46.296,2.152,46.853
GB,AT,0.002432927802431634,16.843,48.085,-2.227,53.821
GB,CA,0.08788008452012501,-82.375,46.296,-2.227,53.821
GB,FI,0.0028223265463386124,24.52,65.563,-2.227,53.821
GF,CA,0.008875443419581736,-82.375,46.296,-52.501,4.894
GF,IE,0.13686931681509507,-8.248,52.679,-52.501,4.894
GF,US,0.11639988171030352,-99.818,37.615,-52.501,4.894
GH,AT,0.07187687111006158,16.843,48.085,-0.95,5.29
GH,BR,0.07126524826902705,-41.076,-10.964,-0.95,5.29
GH,IE,0.06331403672105358,-8.248,52.679,-0.95,5.29
GH,NO,0.02389256707489915,8.132,63.44,-0.95,5.29
GH,SE,0.05245230775081531,16.282,63.654,-0.95,5.29
GR,AT,0.0337777623823961,16.843,48.085,22.79,37.756
GR,FI,0.036567615022063724,24.52,65.563,22.79,37.756
GR,IE,0.06511534195438211,-8.248,52.679,22.79,37.756
GR,NO,0.016932606757289147,8.132,63.44,22.79,37.756
GR,SE,0.03555028866507139,16.282,63.654,22.79,37.756
GT,BR,0.10627594282673548,-41.076,-10.964,-90.438,14.165
GT,CA,0.03600243047578826,-82.375,46.296,-90.438,14.165
GT,US,0.012349128080172361,-99.818,37.615,-90.438,14.165
HN,BR,0.0938287011974357,-41.076,-10.964,-87.361,13.474
HN,CA,0.01006322004586118,-82.375,46.296,-87.361,13.474
HN,US,0.02815888885617805,-99.818,37.615,-87.361,13.474
HU,AT,0.08411174113243176,16.843,48.085,19.482,47.268
HU,FI,0.04925916561006736,24.52,65.563,19.482,47.268
HU,IE,0.11227459173302426,-8.248,52.679,19.482,47.268
HU,NO,0.02651364087591919,8.132,63.44,19.482,47.268
HU,SE,0.03127383410323479,16.282,63.654,19.482,47.268
ID,AU,0.04861527128969735,144.154,-31.773,118.0,-2.0
ID,IN,0.041462784667944515,76.129,19.557,118.0,-2.0
ID,KR,0.026853476639381296,127.036,34.738,118.0,-2.0
IE,AT,0.004292103140487641,16.843,48.085,-8.248,52.679
IE,CA,0.06651936660226841,-82.375,46.296,-8.248,52.679
IE,EG,0.006045619670799916,32.667,26.551,-8.248,52.679
IE,ES,0.02768964424459571,-3.72,40.031,-8.248,52.679
IE,FI,0.01728978206061229,24.52,65.563,-8.248,52.679
IE,NO,0.0056505410545858534,8.132,63.44,-8.248,52.679
IE,SE,0.01071895393273381,16.282,63.654,-8.248,52.679
IL,AT,0.06295451852270974,16.843,48.085,34.764,31.223
IL,FI,0.03470425648482191,24.52,65.563,34.764,31.223
IL,IE,0.08124056645296046,-8.248,52.679,34.764,31.223
IL,NO,0.0191161760752985,8.132,63.44,34.764,31.223
IL,SE,0.03766403119078356,16.282,63.654,34.764,31.223
IN,AT,0.021068205634011555,16.843,48.085,76.129,19.557
IN,DE,0.03531080044898263,10.674,52.577,76.129,19.557
IN,FI,0.021330328480203626,24.52,65.563,76.129,19.557
IN,KR,0.004818800406365298,127.036,34.738,76.129,19.557
IN,SE,0.012805478221330876,16.282,63.654,76.129,19.557
IR,AT,0.022019672396142262,16.843,48.085,51.597,34.942
IR,ES,0.0318595026335933,-3.72,40.031,51.597,34.942
IR,FI,0.0620390108762498,24.52,65.563,51.597,34.942
IR,IE,0.027363235639889703,-8.248,52.679,51.597,34.942
IR,NL,0.010340993414603532,4.945,52.875,51.597,34.942
IR,NO,0.03137365263193444,8.132,63.44,51.597,34.942
IR,SE,0.00920305949461505,16.282,63.654,51.597,34.942
IT,AT,0.04586406026861332,16.843,48.085,14.277,41.189
IT,FI,0.03261210156852701,24.52,65.563,14.277,41.189
IT,IE,0.07116394343877495,-8.248,52.679,14.277,41.189
IT,NO,0.010409540123982847,8.132,63.44,14.277,41.189
IT,SE,0.03542513061212471,16.282,63.654,14.277,41.189
JM,BR,0.09503138845342399,-41.076,-10.964,-77.458,17.928
JM,CA,0.10012943154736145,-82.375,46.296,-77.458,17.928
JO,AT,0.0922191947498886,16.843,48.085,36.182,31.45
JO,FI,0.04342472366638369,24.52,65.563,36.182,31.45
JO,IE,0.09510384375659378,-8.248,52.679,36.182,31.45
JO,NO,0.01355412488061102,8.132,63.44,36.182,31.45
JO,SE,0.06007338335655874,16.282,63.654,36.182,31.45
JP,IN,0.1394115845042225,76.129,19.557,136.251,35.764
KE,AT,0.01947477518988822,16.843,48.085,37.175,2.189
KE,ES,0.06582658198220451,-3.72,40.031,37.175,2.189
KE,NL,0.04362518035586661,4.945,52.875,37.175,2.189
KH,AU,0.1081672128697975,144.154,-31.773,106.073,11.074
KH,KW,0.09512126661922002,47.71,28.89,106.073,11.074
KR,ID,0.010326135378748907,118.0,-2.0,127.036,34.738
KR,IN,0.1349578844671568,76.129,19.557,127.036,34.738
KW,AT,0.07824682094135146,16.843,48.085,47.71,28.89
KW,ES,0.02394665929097589,-3.72,40.031,47.71,28.89
KW,FI,0.04458936152271637,24.52,65.563,47.71,28.89
KW,IE,0.09739893084346136,-8.248,52.679,47.71,28.89
KW,NO,0.021780721791878874,8.132,63.44,47.71,28.89
KW,SE,0.05983612737559428,16.282,63.654,47.71,28.89
KZ,AT,0.028567205907953207,16.843,48.085,70.822,42.713
KZ,ES,0.16678311782441452,-3.72,40.031,70.822,42.713
KZ,FI,0.025162512546237043,24.52,65.563,70.822,42.713
KZ,IE,0.04175783003285835,-8.248,52.679,70.822,42.713
KZ,NO,0.021747397246886013,8.132,63.44,70.822,42.713
KZ,SE,0.0134858624427533,16.282,63.654,70.822,42.713
LC,BR,0.01186676261479455,-41.076,-10.964,-60.961,13.738
LC,CA,0.021402005589396818,-82.375,46.296,-60.961,13.738
LC,IE,0.1595425829468293,-8.248,52.679,-60.961,13.738
LC,US,0.058071795340270765,-99.818,37.615,-60.961,13.738
LK,EG,0.04485831292319731,32.667,26.551,80.175,7.45
LK,GR,0.02665121418405354,22.79,37.756,80.175,7.45
LK,IL,0.007011978778284191,34.764,31.223,80.175,7.45
LK,KR,0.029628499274878,127.036,34.738,80.175,7.45
LY,AT,0.024336413918696828,16.843,48.085,17.0,27.0
LY,ES,0.014375147692583317,-3.72,40.031,17.0,27.0
LY,FI,0.020541738706391206,24.52,65.563,17.0,27.0
LY,IE,0.025764451694922353,-8.248,52.679,17.0,27.0
LY,SE,0.01821747833974936,16.282,63.654,17.0,27.0
MA,AT,0.01946534953065469,16.843,48.085,-6.047,33.791
MA,CA,0.10657178147835991,-82.375,46.296,-6.047,33.791
MA,FI,0.008897211054138935,24.52,65.563,-6.047,33.791
MA,IE,0.006046205296187489,-8.248,52.679,-6.047,33.791
MA,SE,0.02288954484942454,16.282,63.654,-6.047,33.791
MG,EG,0.1034272523076569,32.667,26.551,47.445,-19.489
MG,ZA,0.05931504123935759,23.274,-30.622,47.445,-19.489
MM,EG,0.08150328341331765,32.667,26.551,94.8,20.2
MM,IL,0.1765339538632074,34.764,31.223,94.8,20.2
MM,KR,0.010840905454845761,127.036,34.738,94.8,20.2
MN,AT,0.009073892823577753,16.843,48.085,107.746,47.28
MN,DE,0.012954703205605739,10.674,52.577,107.746,47.28
MN,FI,0.0015898073786118768,24.52,65.563,107.746,47.28
MN,IL,0.03475827594365719,34.764,31.223,107.746,47.28
MN,NL,0.07671835990561288,4.945,52.875,107.746,47.28
MN,SE,0.0029212014651241896,16.282,63.654,107.746,47.28
MR,AT,0.015502412817906139,16.843,48.085,-15.984,18.059
MR,BR,0.04709373016696843,-41.076,-10.964,-15.984,18.059
MR,FI,0.008777615296914416,24.52,65.563,-15.984,18.059
MR,IE,0.013670406448624937,-8.248,52.679,-15.984,18.059
MR,SE,0.021366708726798713,16.282,63.654,-15.984,18.059
MU,EG,0.08227471732750609,32.667,26.551,57.579,-20.212
MU,IL,0.013067583864771939,34.764,31.223,57.579,-20.212
MU,TH,0.008394136570089389,101.055,15.311,57.579,-20.212
MU,ZA,0.07343971850093958,23.274,-30.622,57.579,-20.212
MX,CA,0.08532076794661991,-82.375,46.296,-100.773,21.559
MY,AU,0.09362032838119848,144.154,-31.773,101.67,2.751
MY,KR,0.01030382453542027,127.036,34.738,101.67,2.751
MY,KW,0.09074448862994763,47.71,28.89,101.67,2.751
NE,AT,0.05572854142087244,16.843,48.085,5.525,13.97
NE,BR,0.11387459471970013,-41.076,-10.964,5.525,13.97
NE,FI,0.011506454883026129,24.52,65.563,5.525,13.97
NE,IE,0.02809398908682855,-8.248,52.679,5.525,13.97
NE,NO,0.008068569849890777,8.132,63.44,5.525,13.97
NE,SE,0.05688503889155822,16.282,63.654,5.525,13.97
NG,AT,0.0644709900831692,16.843,48.085,3.885,7.455
NG,BR,0.06907086231371726,-41.076,-10.964,3.885,7.455
NG,FI,0.024105619419339797,24.52,65.563,3.885,7.455
NG,IE,0.058080696997980415,-8.248,52.679,3.885,7.455
NG,NO,0.020527196069893547,8.132,63.44,3.885,7.455
NG,SE,0.03539727096776634,16.282,63.654,3.885,7.455
NI,BR,0.10013067835766551,-41.076,-10.964,-86.735,12.2
NI,CA,0.12324410242185746,-82.375,46.296,-86.735,12.2
NL,AE,0.0025514883306988383,55.368,24.754,4.945,52.875
NL,AT,0.007526931119185,16.843,48.085,4.945,52.875
NL,CA,0.08408562577124065,-82.375,46.296,4.945,52.875
NO,CA,0.12258916661796568,-82.375,46.296,8.132,63.44
NO,EG,0.01105844205721631,32.667,26.551,8.132,63.44
NO,ES,0.06840872587992697,-3.72,40.031,8.132,63.44
NO,GR,0.005759220074691616,22.79,37.756,8.132,63.44
NO,KW,0.019169097492203184,47.71,28.89,8.132,63.44
NO,PL,0.00403614064160068,17.38,53.213,8.132,63.44
NO,SA,0.017868059905976515,38.795,31.62,8.132,63.44
NP,AT,0.04988139138265888,16.843,48.085,85.185,27.811
NP,DE,0.09930654461437674,10.674,52.577,85.185,27.811
NP,DK,0.04434483674394482,10.241,55.6,85.185,27.811
NP,FI,0.03467800539350852,24.52,65.563,85.185,27.811
NP,IL,0.005755006429480752,34.764,31.223,85.185,27.811
NP,NO,0.026181620430520258,8.132,63.44,85.185,27.811
NP,SE,0.009591050105157397,16.282,63.654,85.185,27.811
NZ,AU,0.19967296998754389,144.154,-31.773,175.062,-40.949
OM,AT,0.04721645807977864,16.843,48.085,55.71,18.35
OM,ES,0.08320288613058895,-3.72,40.031,55.71,18.35
OM,FI,0.022838801539695284,24.52,65.563,55.71,18.35
OM,IE,0.06966443282986451,-8.248,52.679,55.71,18.35
OM,NO,0.022019438225450983,8.132,63.44,55.71,18.35
OM,SE,0.04438091548880999,16.282,63.654,55.71,18.35
PA,BR,0.12053098479008274,-41.076,-10.964,-80.704,8.185
PA,CA,0.11414262954667598,-82.375,46.296,-80.704,8.185
PA,US,0.012110438491219781,-99.818,37.615,-80.704,8.185
PE,BR,0.0750926962397933,-41.076,-10.964,-71.539,-17.03
PE,MX,0.010464647079991356,-100.773,21.559,-71.539,-17.03
PH,AU,0.02509804625564736,144.154,-31.773,121.681,13.861
PH,IN,0.06136944795256956,76.129,19.557,121.681,13.861
PK,AT,0.022136967083857144,16.843,48.085,69.992,27.319
PK,FI,0.008882589214885371,24.52,65.563,69.992,27.319
PK,FR,0.061031797140892005,2.152,46.853,69.992,27.319
PK,GB,0.005838020838618611,-2.227,53.821,69.992,27.319
PK,NL,0.006483487755147257,4.945,52.875,69.992,27.319
PK,NO,0.011578284579752728,8.132,63.44,69.992,27.319
PK,SE,0.010161442566749055,16.282,63.654,69.992,27.319
PL,CA,0.13361454826256405,-82.375,46.296,17.38,53.213
PL,ES,0.009872400505394601,-3.72,40.031,17.38,53.213
PS,AT,0.08687602439587273,16.843,48.085,35.46,31.93
PS,FI,0.041659262873468335,24.52,65.563,35.46,31.93
PS,IE,0.09250315000338545,-8.248,52.679,35.46,31.93
PS,NO,0.014173387896869078,8.132,63.44,35.46,31.93
PS,SE,0.06080602969145683,16.282,63.654,35.46,31.93
PT,AT,0.012986233262332659,16.843,48.085,-7.884,40.347
PT,CA,0.13271547281410342,-82.375,46.296,-7.884,40.347
PT,FI,0.008590071481211206,24.52,65.563,-7.884,40.347
PT,IE,0.005180862210456266,-8.248,52.679,-7.884,40.347
PT,NO,0.007275435613421286,8.132,63.44,-7.884,40.347
PT,SE,0.009756041021879875,16.282,63.654,-7.884,40.347
PY,BR,0.11851129025839555,-41.076,-10.964,-58.0,-23.0
RO,AT,0.019596113269608653,16.843,48.085,27.34,44.529
RO,ES,0.03813973880305441,-3.72,40.031,27.34,44.529
RO,FI,0.01581610790687745,24.52,65.563,27.34,44.529
RO,IE,0.049251239532224496,-8.248,52.679,27.34,44.529
RO,NO,0.010031784840090234,8.132,63.44,27.34,44.529
RO,SE,0.006633297035308033,16.282,63.654,27.34,44.529
RU,AT,0.017365906707766582,16.843,48.085,54.32,51.827
RU,ES,0.06691386621618681,-3.72,40.031,54.32,51.827
RU,FI,0.03152762225488907,24.52,65.563,54.32,51.827
RU,IE,0.02497049061970464,-8.248,52.679,54.32,51.827
RU,NO,0.019089896679771647,8.132,63.44,54.32,51.827
RW,AT,0.12158993589499137,16.843,48.085,30.377,-2.026
RW,ES,0.04003604901418522,-3.72,40.031,30.377,-2.026
RW,NL,0.05912767667956217,4.945,52.875,30.377,-2.026
RW,PL,0.010350091625832435,17.38,53.213,30.377,-2.026
SA,AT,0.09241485881182475,16.843,48.085,38.795,31.62
SA,FI,0.04468889843759964,24.52,65.563,38.795,31.62
SA,IE,0.11058655220903342,-8.248,52.679,38.795,31.62
SA,NO,0.02757501432025225,8.132,63.44,38.795,31.62
SA,SE,0.057079023194922814,16.282,63.654,38.795,31.62
SE,AT,0.007991273377840717,16.843,48.085,16.282,63.654
SE,CA,0.10198527541377464,-82.375,46.296,16.282,63.654
SE,ES,0.053171972678033266,-3.72,40.031,16.282,63.654
SE,GR,0.01019778047172417,22.79,37.756,16.282,63.654
SE,IE,0.0036457593717665283,-8.248,52.679,16.282,63.654
SE,IL,0.010816854673071452,34.764,31.223,16.282,63.654
SE,IT,0.004208584801969636,14.277,41.189,16.282,63.654
SE,KW,0.020338298137354487,47.71,28.89,16.282,63.654
SE,SA,0.011895522148529555,38.795,31.62,16.282,63.654
SE,TR,0.019808451050399845,31.238,39.049,16.282,63.654
SK,AT,0.07940674372385592,16.843,48.085,19.479,48.327
SK,ES,0.0018973569129823412,-3.72,40.031,19.479,48.327
SK,FI,0.050811490612841965,24.52,65.563,19.479,48.327
SK,IE,0.10416610057380447,-8.248,52.679,19.479,48.327
SK,NO,0.0329413268085381,8.132,63.44,19.479,48.327
SK,SE,0.028979445796659613,16.282,63.654,19.479,48.327
SN,AT,0.07059819419378964,16.843,48.085,-16.417,15.398
SN,BR,0.028215373115035528,-41.076,-10.964,-16.417,15.398
SN,FI,0.038185955335188065,24.52,65.563,-16.417,15.398
SN,IE,0.06387326187220765,-8.248,52.679,-16.417,15.398
SN,NO,0.011502590294235277,8.132,63.44,-16.417,15.398
SN,SE,0.05492679270566312,16.282,63.654,-16.417,15.398
SR,CA,0.052195073883051786,-82.375,46.296,-55.255,5.089
SR,US,0.2041284147962533,-99.818,37.615,-55.255,5.089
SV,BR,0.13327026038333817,-41.076,-10.964,-88.987,13.448
SV,CA,0.0879538128024727,-82.375,46.296,-88.987,13.448
TH,KR,0.01876323043678675,127.036,34.738,101.055,15.311
TH,SA,0.10310989904595444,38.795,31.62,101.055,15.311
TN,BE,0.022070611779828685,3.208,51.542,10.492,37.119
TN,EG,0.052196263038084015,32.667,26.551,10.492,37.119
TN,ES,0.025320671023255466,-3.72,40.031,10.492,37.119
TN,FI,0.028152388780150483,24.52,65.563,10.492,37.119
TN,GB,0.0052308352914526715,-2.227,53.821,10.492,37.119
TN,IE,0.013123121388063869,-8.248,52.679,10.492,37.119
TN,NO,0.00590443073978405,8.132,63.44,10.492,37.119
TN,PL,0.012005753441834008,17.38,53.213,10.492,37.119
TN,SE,0.02180702970969212,16.282,63.654,10.492,37.119
TR,AT,0.033627106262302635,16.843,48.085,31.238,39.049
TR,ES,0.01630810741624383,-3.72,40.031,31.238,39.049
TR,FI,0.016967878129712018,24.52,65.563,31.238,39.049
TR,IE,0.04774147198015186,-8.248,52.679,31.238,39.049
TR,NO,0.00453255148046899,8.132,63.44,31.238,39.049
TR,SE,0.04500786279426973,16.282,63.654,31.238,39.049
TW,AE,0.13098355305379472,55.368,24.754,120.945,23.682
TW,AU,0.05191142053213318,144.154,-31.773,120.945,23.682
UA,AT,0.06642409014788203,16.843,48.085,33.877,44.96
UA,ES,0.033280622058174454,-3.72,40.031,33.877,44.96
UA,FI,0.039954724801393886,24.52,65.563,33.877,44.96
UA,IE,0.08884918416024902,-8.248,52.679,33.877,44.96
UA,NO,0.016580656172102165,8.132,63.44,33.877,44.96
UA,SE,0.03640495500857569,16.282,63.654,33.877,44.96
UG,AT,0.12387948246426017,16.843,48.085,31.795,0.15
UG,ES,0.035787815124341614,-3.72,40.031,31.795,0.15
UG,NL,0.07152040819548922,4.945,52.875,31.795,0.15
UG,PL,0.01048053732284012,17.38,53.213,31.795,0.15
US,CA,0.04128012073179641,-82.375,46.296,-99.818,37.615
UY,BR,0.09517023988776767,-41.076,-10.964,-56.217,-33.179
UZ,AT,0.02849340624530951,16.843,48.085,66.72,39.583
UZ,ES,0.12972987435664168,-3.72,40.031,66.72,39.583
UZ,FI,0.03289885531195444,24.52,65.563,66.72,39.583
UZ,IE,0.04852394977198544,-8.248,52.679,66.72,39.583
UZ,NO,0.024451039935861178,8.132,63.44,66.72,39.583
UZ,SE,0.02247598586145953,16.282,63.654,66.72,39.583
VN,AU,0.03820315248785087,144.154,-31.773,107.849,11.326
VN,KW,0.0814050073853961,47.71,28.89,107.849,11.326
ZA,EG,0.07244128125943361,32.667,26.551,23.274,-30.622
ZM,EG,0.12264449083576155,32.667,26.551,28.35,-15.55
ZM,GR,0.038926324432928844,22.79,37.756,28.35,-15.55
