year,grace_h,dist_ring,lcoe_elec
2025,0,D0,161.28768511450153
2025,0,D1,161.07611796812674
2025,0,D2,157.6089455584956
2025,0,D3,128.8434462430552
2025,6,D0,155.57568056879444
2025,6,D1,154.78888125282793
2025,6,D2,148.93793239202094
2025,6,D3,123.65738184143945
2025,24,D0,154.76681669702458
2025,24,D1,154.21242064349042
2025,24,D2,146.54440201876477
2025,24,D3,119.46330732644206
2025,168,D0,151.680912117394
2025,168,D1,151.36508722093055
2025,168,D2,143.63664798627994
2025,168,D3,117.06586563543149
2026,0,D0,156.53936868019306
2026,0,D1,156.37554620041809
2026,0,D2,153.48418800875714
2026,0,D3,125.35237627623013
2026,6,D0,150.72145599242228
2026,6,D1,150.1307286131161
2026,6,D2,144.49213301349192
2026,6,D3,120.09479741154297
2026,24,D0,150.30212608171706
2026,24,D1,149.80526034601903
2026,24,D2,142.6541512987709
2026,24,D3,116.12185770189072
2026,168,D0,147.50860526419737
2026,168,D1,147.20996648638635
2026,168,D2,139.90378444661923
2026,168,D3,113.91402858629206
2027,0,D0,152.04595811088774
2027,0,D1,151.9529933832187
2027,0,D2,149.2600108816507
2027,0,D3,121.8314224844903
2027,6,D0,145.90514339587736
2027,6,D1,145.4140939016576
2027,6,D2,140.0993430090677
2027,6,D3,116.53658301013093
2027,24,D0,145.90407813125802
2027,24,D1,145.36367905928626
2027,24,D2,138.76775574983895
2027,24,D3,112.86495951481423
2027,168,D0,143.42781369886586
2027,168,D1,143.14532813001293
2027,168,D2,136.24144154185277
2027,168,D3,110.78089467209641
2028,0,D0,147.50696601312274
2028,0,D1,147.43181514030928
2028,0,D2,145.19926100173646
2028,0,D3,118.39211711912911
2028,6,D0,141.17172685203101
2028,6,D1,140.71818158289287
2028,6,D2,135.74516588062588
2028,6,D3,112.93563078907799
2028,24,D0,141.50065548130365
2028,24,D1,141.05208199690006
2028,24,D2,134.96207035962172
2028,24,D3,109.70959910576964
2028,168,D0,139.3860019247618
2028,168,D1,139.15069291985773
2028,168,D2,132.64180048134943
2028,168,D3,107.74935867627178
2029,0,D0,143.1010950079933
2029,0,D1,143.086922078121
2029,0,D2,141.14894931606526
2029,0,D3,114.95947658345904
2029,6,D0,136.41819900423098
2029,6,D1,136.10627638303023
2029,6,D2,131.56372529722947
2029,6,D3,109.4377507705963
2029,24,D0,137.1625560260947
2029,24,D1,136.82432187998398
2029,24,D2,131.20127449755975
2029,24,D3,106.57733574700529
2029,168,D0,135.2513938884213
2029,168,D1,135.1349952356766
2029,168,D2,129.0691890940564
2029,168,D3,104.74339864536576
2030,0,D0,138.57914356502434
2030,0,D1,138.62243754187114
2030,0,D2,137.14104813757734
2030,0,D3,111.547765402913
2030,6,D0,131.76439175174707
2030,6,D1,131.53374861464243
2030,6,D2,127.28965171065148
2030,6,D3,105.87973278638535
2030,24,D0,132.88161145053462
2030,24,D1,132.7084782550175
2030,24,D2,127.47937744969819
2030,24,D3,103.52810850896945
2030,168,D0,131.22322694851943
2030,168,D1,131.21756757239322
2030,168,D2,125.50850236973741
2030,168,D3,101.79728064504646
2031,0,D0,137.1554367206498
2031,0,D1,137.2400755390569
2031,0,D2,135.8178767952731
2031,0,D3,110.17366646040901
2031,6,D0,130.22622457407766
2031,6,D1,129.9838913641326
2031,6,D2,125.84347978596153
2031,6,D3,104.52423767746926
2031,24,D0,131.47408352030544
2031,24,D1,131.3163350312797
2031,24,D2,126.10822315702966
2031,24,D3,102.18136893542079
2031,168,D0,129.9696355219313
2031,168,D1,129.98902806263325
2031,168,D2,124.25879402457167
2031,168,D3,100.51797285941119
2032,0,D0,135.74987728090076
2032,0,D1,135.86895143322226
2032,0,D2,134.52261022187804
2032,0,D3,108.79797474266977
2032,6,D0,128.6808260356988
2032,6,D1,128.4407461161657
2032,6,D2,124.44351387269572
2032,6,D3,103.11380825919156
2032,24,D0,130.07806045001027
2032,24,D1,129.9494902270078
2032,24,D2,124.87584152182659
2032,24,D3,100.88228924791886
2032,168,D0,128.7250688939633
2032,168,D1,128.74677833490063
2032,168,D2,123.09686568789961
2032,168,D3,99.29476565486864
2033,0,D0,134.30986239539124
2033,0,D1,134.47012548795908
2033,0,D2,133.24255347380716
2033,0,D3,107.48910634627018
2033,6,D0,127.15708268165787
2033,6,D1,126.97082770999565
2033,6,D2,122.9915333287075
2033,6,D3,101.7407610007921
2033,24,D0,128.7491960043044
2033,24,D1,128.61579855107385
2033,24,D2,123.64019881502632
2033,24,D3,99.5762800986421
2033,168,D0,127.45655654099643
2033,168,D1,127.49185811521889
2033,168,D2,121.78809569531721
2033,168,D3,98.04423560685403
2034,0,D0,132.8422826298376
2034,0,D1,133.05999378467152
2034,0,D2,131.9603375597803
2034,0,D3,106.18689558775752
2034,6,D0,125.64555929149864
2034,6,D1,125.5194190420848
2034,6,D2,121.5517517252002
2034,6,D3,100.40216634549535
2034,24,D0,127.39922068844514
2034,24,D1,127.25022462811106
2034,24,D2,122.37920234432148
2034,24,D3,98.28595148852934
2034,168,D0,126.21445993419586
2034,168,D1,126.24557191797864
2034,168,D2,120.51171658536062
2034,168,D3,96.80953895985125
2035,0,D0,131.4511931614328
2035,0,D1,131.69506599933925
2035,0,D2,130.66899151445406
2035,0,D3,104.89959485306356
2035,6,D0,124.1460637635414
2035,6,D1,124.03115000534093
2035,6,D2,120.11793272142071
2035,6,D3,99.02967042004435
2035,24,D0,126.09092127234564
2035,24,D1,125.96800372435763
2035,24,D2,121.1487378472941
2035,24,D3,97.01389950463698
2035,168,D0,124.99852370988793
2035,168,D1,125.03180412426141
2035,168,D2,119.33596727123646
2035,168,D3,95.60944494030377
2036,0,D0,130.04416761838885
2036,0,D1,130.31833238115007
2036,0,D2,129.40310817688854
2036,0,D3,103.60201928877231
2036,6,D0,122.69064882575029
2036,6,D1,122.61424986148754
2036,6,D2,118.73640775521618
2036,6,D3,97.68401354022967
2036,24,D0,124.81364822497996
2036,24,D1,124.68976311553774
2036,24,D2,119.95653758421219
2036,24,D3,95.74391497547406
2036,168,D0,123.76237446885786
2036,168,D1,123.80131808732712
2036,168,D2,118.19021185674364
2036,168,D3,94.36484679689957
2037,0,D0,128.6832593080887
2037,0,D1,128.95821087585543
2037,0,D2,128.16497675229792
2037,0,D3,102.3112545471882
2037,6,D0,121.23160712992967
2037,6,D1,121.21124649224122
2037,6,D2,117.41006439724475
2037,6,D3,96.34375989785453
2037,24,D0,123.56364015088495
2037,24,D1,123.44809927562636
2037,24,D2,118.80689701428335
2037,24,D3,94.4913016151829
2037,168,D0,122.55438091533908
2037,168,D1,122.60906932217493
2037,168,D2,117.12878494741076
2037,168,D3,93.14777294772342
2038,0,D0,127.318553447693
2038,0,D1,127.62259755745809
2038,0,D2,126.95328066468704
2038,0,D3,101.02286897490224
2038,6,D0,119.81646484040438
2038,6,D1,119.80628861378412
2038,6,D2,116.09681078959134
2038,6,D3,94.98938635971794
2038,24,D0,122.37597686135662
2038,24,D1,122.24126350721816
2038,24,D2,117.66180454544681
2038,24,D3,93.26321571919752
2038,168,D0,121.42889876719907
2038,168,D1,121.44746625084302
2038,168,D2,116.04258613445836
2038,168,D3,91.98350023622464
2039,0,D0,125.99430290860639
2039,0,D1,126.29436717923917
2039,0,D2,125.72656173842084
2039,0,D3,99.77958492714818
2039,6,D0,118.35217721643195
2039,6,D1,118.37921667297367
2039,6,D2,114.76314041176062
2039,6,D3,93.68361643625438
2039,24,D0,121.11906912437688
2039,24,D1,121.02788143836014
2039,24,D2,116.54249644434071
2039,24,D3,92.0382149619385
2039,168,D0,120.2184357190728
2039,168,D1,120.28209973791984
2039,168,D2,114.94326401671123
2039,168,D3,90.8215256808597
2040,0,D0,124.67868705196177
2040,0,D1,124.98699623003624
2040,0,D2,124.52877281427583
2040,0,D3,98.52291341681924
2040,6,D0,116.94432699809376
2040,6,D1,116.99901981489214
2040,6,D2,113.5014473046968
2040,6,D3,92.36370992021486
2040,24,D0,119.86510087391511
2040,24,D1,119.80260232212011
2040,24,D2,115.4564421284311
2040,24,D3,90.82156681166511
2040,168,D0,119.10725971314501
2040,168,D1,119.16455444578577
2040,168,D2,113.88368564275592
2040,168,D3,89.66281161492732
2041,0,D0,123.55345891548464
2041,0,D1,123.87163010709757
2041,0,D2,123.47566366686941
2041,0,D3,97.56391403056813
2041,6,D0,115.83949286735486
2041,6,D1,115.90009439799967
2041,6,D2,112.46797766430649
2041,6,D3,91.40978600844697
2041,24,D0,118.80383572964381
2041,24,D1,118.7660989614287
2041,24,D2,114.49050471245863
2041,24,D3,89.92696541195829
2041,168,D0,118.071847802605
2041,168,D1,118.14146733056532
2041,168,D2,112.92946591363469
2041,168,D3,88.79690667296103
2042,0,D0,122.44707290504978
2042,0,D1,122.76721107305212
2042,0,D2,122.42182161656773
2042,0,D3,96.60605926935133
2042,6,D0,114.73153309928483
2042,6,D1,114.8033126400033
2042,6,D2,111.38736181426648
2042,6,D3,90.43664308203508
2042,24,D0,117.75942565428278
2042,24,D1,117.72430477386231
2042,24,D2,113.5111884463464
2042,24,D3,89.02771066503672
2042,168,D0,117.05335763124747
2042,168,D1,117.13007082879166
2042,168,D2,111.96177155745494
2042,168,D3,87.93119665464557
2043,0,D0,121.32710011748526
2043,0,D1,121.66217639496743
2043,0,D2,121.36339474849719
2043,0,D3,95.65132611055007
2043,6,D0,113.6351547958184
2043,6,D1,113.70198845825524
2043,6,D2,110.3329027170177
2043,6,D3,89.45817213199872
2043,24,D0,116.68579805772343
2043,24,D1,116.68520131259461
2043,24,D2,112.51806865556877
2043,24,D3,88.12376620788854
2043,168,D0,116.01708044087928
2043,168,D1,116.10374649753572
2043,168,D2,111.0092075937856
2043,168,D3,87.0488110476795
2044,0,D0,120.20959975007742
2044,0,D1,120.55219734980341
2044,0,D2,120.30069490525838
2044,0,D3,94.68978404818745
2044,6,D0,112.52077253398505
2044,6,D1,112.60246737890682
2044,6,D2,109.26509702279735
2044,6,D3,88.49647889824902
2044,24,D0,115.65013141257715
2044,24,D1,115.65417423341611
2044,24,D2,111.5251390849719
2044,24,D3,87.2200133229438
2044,168,D0,114.9950287462634
2044,168,D1,115.08759925940146
2044,168,D2,110.02445984410187
2044,168,D3,86.17513428875932
2045,0,D0,119.09278249644703
2045,0,D1,119.43973241494353
2045,0,D2,119.2210389202056
2045,0,D3,93.72242419359692
2045,6,D0,111.40251138267915
2045,6,D1,111.48153392278431
2045,6,D2,108.18314526560741
2045,6,D3,87.52538631455187
2045,24,D0,114.59734246626383
2045,24,D1,114.62893166822144
2045,24,D2,110.5124280309012
2045,24,D3,86.3148959765923
2045,168,D0,113.94198449840954
2045,168,D1,114.06066851005359
2045,168,D2,109.00360379435529
2045,168,D3,85.29789927423924
2046,0,D0,117.96855079075974
2046,0,D1,118.3322835174585
2046,0,D2,118.09774948655203
2046,0,D3,92.76205069212372
2046,6,D0,110.27816457357835
2046,6,D1,110.38825435375809
2046,6,D2,107.12626891561105
2046,6,D3,86.5584984197915
2046,24,D0,113.55591981235013
2046,24,D1,113.58705450973663
2046,24,D2,109.44542010894769
2046,24,D3,85.41407612732218
2046,168,D0,112.90811182950824
2046,168,D1,113.02885675736776
2046,168,D2,107.97946372293902
2046,168,D3,84.42376682919098
2047,0,D0,116.85135162619771
2047,0,D1,117.21782505476493
2047,0,D2,116.92158634054452
2047,0,D3,91.78955853660864
2047,6,D0,109.17775134107936
2047,6,D1,109.27616112174202
2047,6,D2,106.04684107946986
2047,6,D3,85.58803039962669
2047,24,D0,112.49132096416518
2047,24,D1,112.53489634588956
2047,24,D2,108.33052597075161
2047,24,D3,84.50817367708383
2047,168,D0,111.85800490627487
2047,168,D1,111.99148245965128
2047,168,D2,106.92029517752658
2047,168,D3,83.53804442921721
2048,0,D0,115.7222870161571
2048,0,D1,116.09266182008807
2048,0,D2,115.70540439479754
2048,0,D3,90.82197239952167
2048,6,D0,108.05083467025882
2048,6,D1,108.17903690290403
2048,6,D2,104.98574556779378
2048,6,D3,84.62421839813344
2048,24,D0,111.41637651754392
2048,24,D1,111.47171360997555
2048,24,D2,107.18602637257686
2048,24,D3,83.59837398723487
2048,168,D0,110.7921637960657
2048,168,D1,110.93073218853351
2048,168,D2,105.80831555286498
2048,168,D3,82.64567806706206
2049,0,D0,114.58691586039791
2049,0,D1,114.96236593486385
2049,0,D2,114.40359454025177
2049,0,D3,89.84458180501187
2049,6,D0,106.92835674888248
2049,6,D1,107.06562303705353
2049,6,D2,103.91858721827349
2049,6,D3,83.6374045414638
2049,24,D0,110.27843667304859
2049,24,D1,110.34532847955013
2049,24,D2,105.93349608182342
2049,24,D3,82.65442598856514
2049,168,D0,109.65995269290323
2049,168,D1,109.81735842977166
2049,168,D2,104.60588626565422
2049,168,D3,81.74311425594166
2050,0,D0,113.42241639911289
2050,0,D1,113.77984801586867
2050,0,D2,112.97495676527157
2050,0,D3,88.86855684992854
2050,6,D0,105.81530718292498
2050,6,D1,105.95081303933732
2050,6,D2,102.82062226306718
2050,6,D3,82.6714352553344
2050,24,D0,109.09615798337826
2050,24,D1,109.14647429331798
2050,24,D2,104.58897146202864
2050,24,D3,81.71511621634296
2050,168,D0,108.4983481897653
2050,168,D1,108.65022130063721
2050,168,D2,103.28809864575982
2050,168,D3,80.83245573090046
