year,perturbation,scenario,mean_uncovered_share,global_annual_unmet_gwh,global_storage_cost_musd_yr_mid,global_storage_cost_usd_yr_low,global_fleet_gw,ai_share,capex_year_used
2025,P0_baseline,L0_W0,0.39734321059316946,286463.7929907243,41320.78898602746,29372.609038260485,82.3,0.2,2025
2025,P0_baseline,L0_W1,0.3731455927651428,269018.56881284417,38804.41363700919,27583.860296187257,82.3,0.2,2025
2025,P0_baseline,L0_W2,0.32436630348099266,233851.23776201473,33731.72416940814,23977.972602350364,82.3,0.2,2025
2025,P0_baseline,L0_W3,0.25254834848774144,182074.2267455402,26263.181900234744,18669.008820648796,82.3,0.2,2025
2025,P0_baseline,L1_W0,0.22508173020872166,162272.22323051747,23406.854403477337,16638.607347050154,82.3,0.2,2025
2025,P0_baseline,L1_W1,0.20280897593000743,146214.725578787,21090.650791203476,14992.149357602473,82.3,0.2,2025
2025,P0_baseline,L1_W2,0.16825280522617442,121301.52342219999,17497.061672902895,12437.670345798448,82.3,0.2,2025
2025,P0_baseline,L1_W3,0.14014501713543864,101037.26981376024,14574.057203221813,10359.871987832375,82.3,0.2,2025
2025,P0_baseline,L2_W0,0.17660365029293232,127322.04847138897,18365.488508090013,13054.985806955554,82.3,0.2,2025
2025,P0_baseline,L2_W1,0.1552191437350029,111904.93123746288,16141.656164934046,11474.189322061553,82.3,0.2,2025
2025,P0_baseline,L2_W2,0.12603506917848112,90864.7310540876,13106.72577137755,9316.829162786453,82.3,0.2,2025
2025,P0_baseline,L2_W3,0.11026837533171702,79497.76465865072,11467.104879210136,8151.315516546964,82.3,0.2,2025
2025,P0_baseline,L3_W0,0.08309120059047152,59904.43488329927,8640.877394303654,6142.310436914646,82.3,0.2,2025
2025,P0_baseline,L3_W1,0.0664104943945896,47878.513112790584,6906.2059000329855,4909.230700023449,82.3,0.2,2025
2025,P0_baseline,L3_W2,0.05633517435485547,40614.73128078434,5858.4462750300845,4164.437713575603,82.3,0.2,2025
2025,P0_baseline,L3_W3,0.05536684574504488,39916.61670619862,5757.747178912689,4092.856428383719,82.3,0.2,2025
2025,P1_flatten,L0_W0,0.39853710739127285,287324.5304995234,41444.94552463266,29460.864891003945,82.3,0.2,2025
2025,P1_flatten,L0_W1,0.3741792601497664,269763.7892464538,38911.90748802532,27660.27158787342,82.3,0.2,2025
2025,P1_flatten,L0_W2,0.32476429248480154,234138.1671383327,33773.1121161673,24007.39295004664,82.3,0.2,2025
2025,P1_flatten,L0_W3,0.2509504688744646,180922.23863410752,26097.014102308312,18550.889542604706,82.3,0.2,2025
2025,P1_flatten,L1_W0,0.20889339480687943,150601.27519923012,21723.385872138955,15441.924897062632,82.3,0.2,2025
2025,P1_flatten,L1_W1,0.18635355119714347,134351.2200284782,19379.40692208823,13775.722992809706,82.3,0.2,2025
2025,P1_flatten,L1_W2,0.15229145267512267,109794.21822322434,15837.197698609696,11257.767038770748,82.3,0.2,2025
2025,P1_flatten,L1_W3,0.12547788410489383,90463.02958965501,13048.782597219639,9275.640641397094,82.3,0.2,2025
2025,P1_flatten,L2_W0,0.1546896617057055,111523.20222740497,16086.593904849546,11435.04867935088,82.3,0.2,2025
2025,P1_flatten,L2_W1,0.13311934256874386,95972.12378625076,13843.438411921681,9840.516461486495,82.3,0.2,2025
2025,P1_flatten,L2_W2,0.10558349666912295,76120.21075661086,10979.911748734336,7804.997508136456,82.3,0.2,2025
2025,P1_flatten,L2_W3,0.09253881358864838,66715.67257910887,9623.360076055122,6840.701740810268,82.3,0.2,2025
2025,P1_flatten,L3_W0,0.06560007905126068,47294.2457918483,6821.9286291498565,4849.3227604800195,82.3,0.2,2025
2025,P1_flatten,L3_W1,0.049787243184203515,35894.01339916515,5177.509304209243,3680.3981801005457,82.3,0.2,2025
2025,P1_flatten,L3_W2,0.04266923829152618,30762.30200779922,4437.288834019869,3154.2173639418347,82.3,0.2,2025
2025,P1_flatten,L3_W3,0.04223469670715355,30449.02012162894,4392.09968611242,3122.0949575979857,82.3,0.2,2025
2025,P2_sharpen,L0_W0,0.405160331111087,292099.53039387596,42133.712370114015,29950.470238996713,82.3,0.2,2025
2025,P2_sharpen,L0_W1,0.380995972884732,274678.28465930175,39620.79577651372,28164.180130292887,82.3,0.2,2025
2025,P2_sharpen,L0_W2,0.3318906961384336,239275.9335996114,34514.2059960939,24534.1946237294,82.3,0.2,2025
2025,P2_sharpen,L0_W3,0.2588379679611235,186608.7153256361,26917.25634301698,19133.95330407231,82.3,0.2,2025
2025,P2_sharpen,L1_W0,0.22844971325817007,164700.36387405123,23757.100017809138,16887.577121093243,82.3,0.2,2025
2025,P2_sharpen,L1_W1,0.20596469764876954,148489.8368404851,21418.822778954145,15225.428240461382,82.3,0.2,2025
2025,P2_sharpen,L1_W2,0.170390484403181,122842.67894950452,17719.364679064878,12595.69296463648,82.3,0.2,2025
2025,P2_sharpen,L1_W3,0.14092941815812768,101602.78216226582,14655.629174945127,10417.856883394728,82.3,0.2,2025
2025,P2_sharpen,L2_W0,0.1769764550888285,127590.82134338073,18404.25748134416,13082.544474690429,82.3,0.2,2025
2025,P2_sharpen,L2_W1,0.155311173756266,111971.28009723246,16151.226614327948,11480.992412594567,82.3,0.2,2025
2025,P2_sharpen,L2_W2,0.12518675996435208,90253.1442227797,13018.507814967521,9254.120013049202,82.3,0.2,2025
2025,P2_sharpen,L2_W3,0.10875872819241592,78409.38757286587,11310.112613523006,8039.718604793463,82.3,0.2,2025
2025,P2_sharpen,L3_W0,0.06837729315076704,49296.4727424592,7110.738591709452,5054.62140856455,82.3,0.2,2025
2025,P2_sharpen,L3_W1,0.05235914594780052,37748.22155277489,5444.968388834155,3870.519698086929,82.3,0.2,2025
2025,P2_sharpen,L3_W2,0.044549519896292716,32117.88727019244,4632.824374463309,3293.2125071486175,82.3,0.2,2025
2025,P2_sharpen,L3_W3,0.043990084996063834,31714.56379774223,4574.64723478281,3251.8576729179017,82.3,0.2,2025
2025,P2_emp,L0_W0,0.40058752010690135,288802.7714460303,41658.17345680312,29612.436553631134,82.3,0.2,2025
2025,P2_emp,L0_W1,0.37627628694049126,271275.63651717326,39129.9829432174,27815.28908011839,82.3,0.2,2025
2025,P2_emp,L0_W2,0.3268913279239267,235671.6490840991,33994.30825140436,24164.628757022376,82.3,0.2,2025
2025,P2_emp,L0_W3,0.2531071938366505,182477.12518214548,26321.297730888098,18710.320073763833,82.3,0.2,2025
2025,P2_emp,L1_W0,0.2134717563997363,153902.0358328771,22199.50200609215,15780.368895896832,82.3,0.2,2025
2025,P2_emp,L1_W1,0.19093377724290125,137653.32483571515,19855.71694551239,14114.304816689531,82.3,0.2,2025
2025,P2_emp,L1_W2,0.15651026542252636,112835.76283583955,16275.923381242583,11569.632283051957,82.3,0.2,2025
2025,P2_emp,L1_W3,0.12909261535104216,93069.06285210316,13424.68822006977,9542.850662459234,82.3,0.2,2025
2025,P2_emp,L2_W0,0.15998090921685384,115337.91653807233,16636.844962504743,11826.190997443133,82.3,0.2,2025
2025,P2_emp,L2_W1,0.13836199801642624,99751.80574594645,14388.636250225587,10228.06673208807,82.3,0.2,2025
2025,P2_emp,L2_W2,0.11015715675641193,79417.58184922168,11455.538960480462,8143.093959859608,82.3,0.2,2025
2025,P2_emp,L2_W3,0.09635653920167637,69468.05422437018,10020.375628999855,7122.917615795078,82.3,0.2,2025
2025,P2_emp,L3_W0,0.06599804946602855,47581.16176643435,6863.314642784658,4878.741734027648,82.3,0.2,2025
2025,P2_emp,L3_W1,0.05017243368274939,36171.7157187108,5217.566299988976,3708.8724301126467,82.3,0.2,2025
2025,P2_emp,L3_W2,0.042955764419464734,30968.872446684265,4467.085456576621,3175.398095638803,82.3,0.2,2025
2025,P2_emp,L3_W3,0.04250448194731225,30643.52125095088,4420.155378730146,3142.03816078408,82.3,0.2,2025
2025,P3_burst,L0_W0,0.400742961390899,288914.83652884583,41674.338213931325,29623.927164119865,82.3,0.2,2025
2025,P3_burst,L0_W1,0.3765019711072552,271438.34306583344,39153.4524466183,27831.97222109012,82.3,0.2,2025
2025,P3_burst,L0_W2,0.3274404433599365,236067.5327594595,34051.4122422501,24205.22075051514,82.3,0.2,2025
2025,P3_burst,L0_W3,0.2546444358030365,183585.39670332757,26481.159656850486,18823.956864508178,82.3,0.2,2025
2025,P3_burst,L1_W0,0.22339458864014064,161055.88189093213,23231.404014779815,16513.88960086758,82.3,0.2,2025
2025,P3_burst,L1_W1,0.2009035910467537,144841.042157975,20892.50469332361,14851.298516940882,82.3,0.2,2025
2025,P3_burst,L1_W2,0.1660047295849106,119680.77778478213,17263.278241549895,12271.48694278848,82.3,0.2,2025
2025,P3_burst,L1_W3,0.1370997133019304,98841.76410560012,14257.367868289211,10134.755472639321,82.3,0.2,2025
2025,P3_burst,L2_W0,0.17331538257769155,124951.37843862157,18023.532705729143,12811.90879081951,82.3,0.2,2025
2025,P3_burst,L2_W1,0.15169207483548697,109362.09796849465,15774.866785247626,11213.459522043495,82.3,0.2,2025
2025,P3_burst,L2_W2,0.12247139959964137,88295.51059856225,12736.130188623447,9053.393748539558,82.3,0.2,2025
2025,P3_burst,L2_W3,0.10616421302113929,76538.87704916434,11040.30200381528,7847.925520784357,82.3,0.2,2025
2025,P3_burst,L3_W0,0.08203818608095854,59145.266178694896,8531.371583742915,6064.468957118459,82.3,0.2,2025
2025,P3_burst,L3_W1,0.0654560231637072,47190.38898782837,6806.947870014935,4838.67378711905,82.3,0.2,2025
2025,P3_burst,L3_W2,0.055286964837756566,39859.02672585093,5749.440148551845,4086.9514308983,82.3,0.2,2025
2025,P3_burst,L3_W3,0.05241031638208296,37785.11277502995,5450.289739900282,3874.302345230321,82.3,0.2,2025
2025,P_mix,L0_W0,0.4029482758872153,290504.7536043361,41903.67479883001,29786.949555794832,82.3,0.2,2025
2025,P_mix,L0_W1,0.3787244303231378,273040.62059260556,39384.57195700943,27996.261993536828,82.3,0.2,2025
2025,P_mix,L0_W2,0.3295218246554186,237568.10044167473,34267.86068031877,24359.08168841937,82.3,0.2,2025
2025,P_mix,L0_W3,0.2563038744808289,184781.76569920464,26653.729147437607,18946.626743359266,82.3,0.2,2025
2025,P_mix,L1_W0,0.22276162843415934,160599.5504963503,23165.580780833374,16467.09959119481,82.3,0.2,2025
2025,P_mix,L1_W1,0.20024789182620292,144368.31711631737,20824.316768103414,14802.827582145801,82.3,0.2,2025
2025,P_mix,L1_W2,0.165080294451762,119014.30812440893,17167.14374610683,12203.150373738592,82.3,0.2,2025
2025,P_mix,L1_W3,0.13639415301697982,98333.09182928558,14183.994756898077,10082.598682614296,82.3,0.2,2025
2025,P_mix,L2_W0,0.1707291724444983,123086.85541551615,17754.58575926522,12620.729636104194,82.3,0.2,2025
2025,P_mix,L2_W1,0.14906602283087336,107468.85102787249,15501.77657543384,11019.335156031286,82.3,0.2,2025
2025,P_mix,L2_W2,0.1195916349072579,86219.35000311777,12436.655714136388,8840.514302819844,82.3,0.2,2025
2025,P_mix,L2_W3,0.10414646912976198,75084.18862616362,10830.471390530147,7698.768819774443,82.3,0.2,2025
2025,P_mix,L3_W0,0.06751002405326567,48671.21682115377,7020.548946041518,4990.510696583729,82.3,0.2,2025
2025,P_mix,L3_W1,0.051547871089097246,37163.33456594248,5360.601734635878,3810.5482210062264,82.3,0.2,2025
2025,P_mix,L3_W2,0.04394749537152162,31683.85889310777,4570.218225196674,3248.7093408024552,82.3,0.2,2025
2025,P_mix,L3_W3,0.043431080792010905,31311.550834838676,4516.514884355855,3210.5346768312706,82.3,0.2,2025
2030,P0_baseline,L0_W0,0.39734321059316946,762279.1089303601,95878.97210135686,64250.50289348267,219.0,0.44,2030
2030,P0_baseline,L0_W1,0.3731455927651428,715857.4309843606,90040.08354657516,60337.74165124555,219.0,0.44,2030
2030,P0_baseline,L0_W2,0.32436630348099266,622277.2912500756,78269.63424301925,52450.1175929041,219.0,0.44,2030
2030,P0_baseline,L0_W3,0.25254834848774144,484498.85367282265,60939.95169252342,40837.13515837494,219.0,0.44,2030
2030,P0_baseline,L1_W0,0.22508173020872166,431805.79450162,54312.252873254794,36395.77567326919,219.0,0.44,2030
2030,P0_baseline,L1_W1,0.20280897593000743,389076.8517831635,48937.83416122678,32794.26537919861,219.0,0.44,2030
2030,P0_baseline,L1_W2,0.16825280522617442,322782.91165810206,40599.425353645944,27206.523380336148,219.0,0.44,2030
2030,P0_baseline,L1_W3,0.14014501713543864,268859.80667331093,33817.012169438305,22661.486566048472,219.0,0.44,2030
2030,P0_baseline,L2_W0,0.17660365029293232,338803.5068679731,42614.48543226957,28556.857249949215,219.0,0.44,2030
2030,P0_baseline,L2_W1,0.1552191437350029,297778.61410697893,37454.40101907878,25098.9768487091,219.0,0.44,2030
2030,P0_baseline,L2_W2,0.12603506917848112,241790.7181147653,30412.279760654612,20379.904226483577,219.0,0.44,2030
2030,P0_baseline,L2_W3,0.11026837533171702,211543.26197137916,26607.774337728635,17830.425635645446,219.0,0.44,2030
2030,P0_baseline,L3_W0,0.08309120059047152,159405.4828607842,20049.918284470157,13435.869247624218,219.0,0.44,2030
2030,P0_baseline,L3_W1,0.0664104943945896,127404.54886635648,16024.861554298897,10738.594616697708,219.0,0.44,2030
2030,P0_baseline,L3_W2,0.05633517435485547,108075.65188932893,13593.685424323476,9109.412685038875,219.0,0.44,2030
2030,P0_baseline,L3_W3,0.05536684574504488,106217.9715511239,13360.02759580194,8952.83369114189,219.0,0.44,2030
2030,P1_flatten,L0_W0,0.4033839277474352,773867.8623477896,97336.59799268995,65227.28846487687,219.0,0.44,2030
2030,P1_flatten,L0_W1,0.3790013454691212,727091.3412017808,91453.07749027196,61284.618421805746,219.0,0.44,2030
2030,P1_flatten,L0_W2,0.32909866369471613,631356.0403784913,79411.55342222912,53215.34149883402,219.0,0.44,2030
2030,P1_flatten,L0_W3,0.25321639598403534,485780.46271161275,61101.15164649753,40945.15861630578,219.0,0.44,2030
2030,P1_flatten,L1_W0,0.19502484576904447,374143.46511716564,47059.52246836523,31535.569460666167,219.0,0.44,2030
2030,P1_flatten,L1_W1,0.17243274232122377,330801.87017872854,41608.0447573181,27882.42032096619,219.0,0.44,2030
2030,P1_flatten,L1_W2,0.13910876941647074,266871.8275993341,33566.96545040994,22493.92503412618,219.0,0.44,2030
2030,P1_flatten,L1_W3,0.11334681275686916,217449.05946528807,27350.601717517795,18328.209786523155,219.0,0.44,2030
2030,P1_flatten,L2_W0,0.13318965891693788,255516.36925261028,32138.683261814476,21536.80329116411,219.0,0.44,2030
2030,P1_flatten,L2_W1,0.1118183078844189,214516.7145777846,26981.773278738965,18081.0501418838,219.0,0.44,2030
2030,P1_flatten,L2_W2,0.08692371934302466,166757.94013643224,20974.705593671722,14055.588549818014,219.0,0.44,2030
2030,P1_flatten,L2_W3,0.07647346168996147,146709.74784448967,18453.056965337866,12365.779106305861,219.0,0.44,2030
2030,P1_flatten,L3_W0,0.046560183817541054,89322.91904292346,11234.978845144526,7528.794113844692,219.0,0.44,2030
2030,P1_flatten,L3_W1,0.032601748892461965,62544.49914525473,7866.806552072332,5271.711471855036,219.0,0.44,2030
2030,P1_flatten,L3_W2,0.028937470873535282,55514.80162262503,6982.615755345714,4679.196741060688,219.0,0.44,2030
2030,P1_flatten,L3_W3,0.02883143097039472,55311.37043084405,6957.028311937114,4662.050060503629,219.0,0.44,2030
2030,P2_sharpen,L0_W0,0.42173713600371754,809077.391194972,101765.22970316403,68195.00712405467,219.0,0.44,2030
2030,P2_sharpen,L0_W1,0.3978762662010962,763301.744130831,96007.59849385159,64336.69812714063,219.0,0.44,2030
2030,P2_sharpen,L0_W2,0.3487687275744644,669091.8777279556,84157.94257820054,56395.99606276653,219.0,0.44,2030
2030,P2_sharpen,L0_W3,0.2748006720250968,527188.6012398266,66309.44046381372,44435.341796130786,219.0,0.44,2030
2030,P2_sharpen,L1_W0,0.24560592989238167,471180.2401427407,59264.74511776716,39714.54422399597,219.0,0.44,2030
2030,P2_sharpen,L1_W1,0.22296369825566106,427742.4772815904,53801.17146775117,36053.28934281081,219.0,0.44,2030
2030,P2_sharpen,L1_W2,0.18522148939376715,355336.3141125787,44693.971208531955,29950.3641259247,219.0,0.44,2030
2030,P2_sharpen,L1_W3,0.1522982555080436,292175.06529685116,36749.59028277416,24626.668445106003,219.0,0.44,2030
2030,P2_sharpen,L2_W0,0.19115982614597796,366728.65687148995,46126.89269457853,30910.594759061263,219.0,0.44,2030
2030,P2_sharpen,L2_W1,0.16905396233713804,324319.8835060591,40792.744676193855,27336.07069838207,219.0,0.44,2030
2030,P2_sharpen,L2_W2,0.13601963205183354,260945.50291351954,32821.55617373159,21994.410700186283,219.0,0.44,2030
2030,P2_sharpen,L2_W3,0.1161682944882497,222861.90287803774,28031.4256525831,18784.444133337212,219.0,0.44,2030
2030,P2_sharpen,L3_W0,0.05417872717424372,103938.63736015614,13073.334419057106,8760.714602062448,219.0,0.44,2030
2030,P2_sharpen,L3_W1,0.03929669765336141,75388.35664611468,9482.298621278778,6354.286468145366,219.0,0.44,2030
2030,P2_sharpen,L3_W2,0.033713126126904816,64676.609686899275,8134.982033657021,5451.421466423013,219.0,0.44,2030
2030,P2_sharpen,L3_W3,0.03341078537635483,64096.58709741415,8062.027168406369,5402.532886600468,219.0,0.44,2030
2030,P2_emp,L0_W0,0.4075906560685324,781938.2182281154,98351.68212294187,65907.51755388852,219.0,0.44,2030
2030,P2_emp,L0_W1,0.3832669083084258,735274.5675752164,92482.3583979682,61974.36106806851,219.0,0.44,2030
2030,P2_emp,L0_W2,0.3334365921412965,639678.0958275489,80458.29616104793,53916.78568305113,219.0,0.44,2030
2030,P2_emp,L0_W3,0.25776208729849837,494501.0987569312,62198.02759429627,41680.19811154916,219.0,0.44,2030
2030,P2_emp,L1_W0,0.20441600777884153,392159.8459632407,49325.611170352815,33054.12285681674,219.0,0.44,2030
2030,P2_emp,L1_W1,0.18175016955009446,348676.7952716832,43856.341246390344,29389.050783418752,219.0,0.44,2030
2030,P2_emp,L1_W2,0.1475648816219661,283094.37149884464,35607.426504283976,23861.280628086675,219.0,0.44,2030
2030,P2_emp,L1_W3,0.12076684769731495,231683.95129643686,29141.057182917724,19528.03141100532,219.0,0.44,2030
2030,P2_emp,L2_W0,0.1444853831748601,277186.53849797865,34864.343099749465,23363.324909676678,219.0,0.44,2030
2030,P2_emp,L2_W1,0.12284320393179843,235667.3161509194,29642.08223171956,19863.778766679086,219.0,0.44,2030
2030,P2_emp,L2_W2,0.09617524067370452,184506.4287180617,23207.09898032397,15551.562010994307,219.0,0.44,2030
2030,P2_emp,L2_W3,0.08432613532381882,161774.63105062698,20347.90820776303,13635.55852264604,219.0,0.44,2030
2030,P2_emp,L3_W0,0.04748171566048762,91090.82259170586,11457.344607298823,7677.806058086259,219.0,0.44,2030
2030,P2_emp,L3_W1,0.033369316761990786,64017.0320488736,8052.020785980062,5395.827400622219,219.0,0.44,2030
2030,P2_emp,L3_W2,0.029476536011167058,56548.96574526333,7112.692248195947,4766.363717271206,219.0,0.44,2030
2030,P2_emp,L3_W3,0.02936264107037369,56330.4651350477,7085.2093831068205,4747.9468750353135,219.0,0.44,2030
2030,P3_burst,L0_W0,0.4071031801504822,781003.0249278911,98234.05411596764,65828.69256821321,219.0,0.44,2030
2030,P3_burst,L0_W1,0.3828215682401591,734420.2093746508,92374.89777741997,61902.34946051634,219.0,0.44,2030
2030,P3_burst,L0_W2,0.3332135798210562,639250.2600719071,80404.4832570885,53880.724531520464,219.0,0.44,2030
2030,P3_burst,L0_W3,0.2589033494096774,496690.5416415016,62473.41430080304,41864.74049863831,219.0,0.44,2030
2030,P3_burst,L1_W0,0.22530142159223077,432227.2592393992,54365.26443471807,36431.29982844666,219.0,0.44,2030
2030,P3_burst,L1_W1,0.20264083172136366,388754.2772075329,48897.26094024361,32767.07641591454,219.0,0.44,2030
2030,P3_burst,L1_W2,0.1672776216105656,320912.08040257345,40364.113411269784,27048.835930177338,219.0,0.44,2030
2030,P3_burst,L1_W3,0.13711066928774976,263038.5923883906,33084.823610836625,22170.83171157964,219.0,0.44,2030
2030,P3_burst,L2_W0,0.17372874448824652,333288.17257603165,41920.77026086898,28091.984216264536,219.0,0.44,2030
2030,P3_burst,L2_W1,0.15193478201222896,291477.7632035406,36661.88407756993,24567.894684105588,219.0,0.44,2030
2030,P3_burst,L2_W2,0.12265346507627231,235303.31354092387,29596.298219433622,19833.0979432474,219.0,0.44,2030
2030,P3_burst,L2_W3,0.10540377503300433,202210.8181743168,25433.94560757808,17043.81847278117,219.0,0.44,2030
2030,P3_burst,L3_W0,0.08603139401713118,165046.06753822515,20759.3873681534,13911.299307156341,219.0,0.44,2030
2030,P3_burst,L3_W1,0.06978526918746694,133878.85182000409,16839.195182226278,11284.296598797577,219.0,0.44,2030
2030,P3_burst,L3_W2,0.05865826798285134,112532.36762902133,14154.2482405723,9485.0575429051,219.0,0.44,2030
2030,P3_burst,L3_W3,0.05214708298443952,100041.04988066814,12583.098392868742,8432.197195912042,219.0,0.44,2030
2030,P_mix,L0_W0,0.4142082352730569,794633.6468772433,99948.50490741058,66977.58187232351,219.0,0.44,2030
2030,P_mix,L0_W1,0.3901320228796573,748444.8779732498,94138.91150092699,63084.45192117388,219.0,0.44,2030
2030,P_mix,L0_W2,0.34075347626431424,653715.099004511,82223.8613198244,55099.92779290479,219.0,0.44,2030
2030,P_mix,L0_W3,0.26639094413790676,511055.04287192586,64280.171952412216,43075.48655878402,219.0,0.44,2030
2030,P_mix,L1_W0,0.2283546099234359,438084.6178615163,55101.99920461836,36925.001194113865,219.0,0.44,2030
2030,P_mix,L1_W1,0.20560060085446083,394432.4167032318,49611.45364461884,33245.67187238708,219.0,0.44,2030
2030,P_mix,L1_W2,0.1691220313489491,324450.46982107795,40809.169738231925,27347.077475706377,219.0,0.44,2030
2030,P_mix,L1_W3,0.1388102781566665,266299.19002687524,33494.93946781281,22445.658917981644,219.0,0.44,2030
2030,P_mix,L2_W0,0.17238299719387667,330706.43713662075,41596.04125115533,27874.376520636044,219.0,0.44,2030
2030,P_mix,L2_W1,0.15035465531058556,288446.3849340397,36280.59928421128,24312.38777594815,219.0,0.44,2030
2030,P_mix,L2_W2,0.11958346895258248,229413.71017739235,28855.507726863947,19336.67875306254,219.0,0.44,2030
2030,P_mix,L2_W3,0.10320434973330483,197991.35270236133,24903.223976185167,16688.17081651096,219.0,0.44,2030
2030,P_mix,L3_W0,0.05137904371614137,98567.61262679425,12397.770410372264,8308.00504183841,219.0,0.44,2030
2030,P_mix,L3_W1,0.03676523168206004,70531.89106813127,8871.455529545552,5944.94774691481,219.0,0.44,2030
2030,P_mix,L3_W2,0.031861564856875385,61124.500484024014,7688.200041111868,5152.023516323669,219.0,0.44,2030
2030,P_mix,L3_W3,0.03165874575775973,60735.40421151657,7639.259764224532,5119.227614022658,219.0,0.44,2030
2050,P0_baseline,L0_W0,0.39734321059316946,762279.1089303601,60938.6213010351,36761.88567616791,219.0,0.7,2050
2050,P0_baseline,L0_W1,0.3731455927651428,715857.4309843606,57227.548782624624,34523.14084169204,219.0,0.7,2050
2050,P0_baseline,L0_W2,0.32436630348099266,622277.2912500756,49746.5032839915,30010.118828929666,219.0,0.7,2050
2050,P0_baseline,L0_W3,0.25254834848774144,484498.85367282265,38732.12819144839,23365.57733288463,219.0,0.7,2050
2050,P0_baseline,L1_W0,0.22508173020872166,431805.79450162,34519.704762275935,20824.387112025153,219.0,0.7,2050
2050,P0_baseline,L1_W1,0.20280897593000743,389076.8517831635,31103.839328724454,18763.729160263123,219.0,0.7,2050
2050,P0_baseline,L1_W2,0.16825280522617442,322782.91165810206,25804.125267947682,15566.619047511917,219.0,0.7,2050
2050,P0_baseline,L1_W3,0.14014501713543864,268859.80667331093,21493.368701819167,12966.10829294526,219.0,0.7,2050
2050,P0_baseline,L2_W0,0.17660365029293232,338803.5068679731,27084.854298920898,16339.232756414242,219.0,0.7,2050
2050,P0_baseline,L2_W1,0.1552191437350029,297778.61410697893,23805.215155476664,14360.75479487995,219.0,0.7,2050
2050,P0_baseline,L2_W2,0.12603506917848112,241790.7181147653,19329.393699345244,11660.666851235448,219.0,0.7,2050
2050,P0_baseline,L2_W3,0.11026837533171702,211543.26197137916,16911.331530715266,10201.944564724972,219.0,0.7,2050
2050,P0_baseline,L3_W0,0.08309120059047152,159405.4828607842,12743.298667849771,7687.533435496332,219.0,0.7,2050
2050,P0_baseline,L3_W1,0.0664104943945896,127404.54886635648,10185.058811713288,6144.24743532704,219.0,0.7,2050
2050,P0_baseline,L3_W2,0.05633517435485547,108075.65188932893,8639.855330139962,5212.086639377913,219.0,0.7,2050
2050,P0_baseline,L3_W3,0.05536684574504488,106217.9715511239,8491.347418402616,5122.497627405926,219.0,0.7,2050
2050,P1_flatten,L0_W0,0.4123665671105676,791100.5170075973,63242.68139084375,38151.834969476404,219.0,0.7,2050
2050,P1_flatten,L0_W1,0.3880893200002741,744526.0750613258,59519.39651156449,35905.72289556337,219.0,0.7,2050
2050,P1_flatten,L0_W2,0.3379901858394487,648413.8921218319,51835.93273832248,31270.589858444542,219.0,0.7,2050
2050,P1_flatten,L0_W3,0.2603116028300949,499392.1913333673,39922.74125295273,24083.82760368344,219.0,0.7,2050
2050,P1_flatten,L1_W0,0.18810757271230402,360873.09179419256,28849.155671389428,17403.56673654471,219.0,0.7,2050
2050,P1_flatten,L1_W1,0.16556994396282276,317636.0032960377,25392.667711427366,15318.402804176294,219.0,0.7,2050
2050,P1_flatten,L1_W2,0.13257452009713366,254336.26233514512,20332.31790296652,12265.691778420023,219.0,0.7,2050
2050,P1_flatten,L1_W3,0.10678334099618529,204857.43270072172,16376.848539859493,9879.511890893502,219.0,0.7,2050
2050,P1_flatten,L2_W0,0.11832191158904476,226993.48806888703,18146.463736414233,10947.051493162937,219.0,0.7,2050
2050,P1_flatten,L2_W1,0.09743901077601534,186930.89583313887,14943.75345878667,9014.981706115876,219.0,0.7,2050
2050,P1_flatten,L2_W2,0.07495892423138056,143804.1986024497,11496.090470628535,6935.14153391178,219.0,0.7,2050
2050,P1_flatten,L2_W3,0.06585415255554233,126337.24042865462,10099.735333823704,6092.77511986104,219.0,0.7,2050
2050,P1_flatten,L3_W0,0.029070133587722112,55769.307080029605,4458.346876565836,2689.546213580478,219.0,0.7,2050
2050,P1_flatten,L3_W1,0.018110317693920717,34743.55787672527,2777.4925106779756,1675.5525472024747,219.0,0.7,2050
2050,P1_flatten,L3_W2,0.017048567279009243,32706.653410742496,2614.6569450370826,1577.320222277806,219.0,0.7,2050
2050,P1_flatten,L3_W3,0.017041178134456714,32692.477780267134,2613.5237073986364,1576.636584354612,219.0,0.7,2050
2050,P2_sharpen,L0_W0,0.45579447223927516,874414.3473227151,69903.01078362459,42169.75107055614,219.0,0.7,2050
2050,P2_sharpen,L0_W1,0.43291799415983634,830527.1967159964,66394.55512811396,40053.2370609818,219.0,0.7,2050
2050,P2_sharpen,L0_W2,0.38498357571854364,738567.8910014828,59043.0834159923,35618.38184334319,219.0,0.7,2050
2050,P2_sharpen,L0_W3,0.3111697736604749,596960.5405812014,47722.61483747736,28789.18612478255,219.0,0.7,2050
2050,P2_sharpen,L1_W0,0.29421013732860984,564424.4958566983,45121.59680501129,27220.09372476225,219.0,0.7,2050
2050,P2_sharpen,L1_W1,0.27221012893216884,522218.79974863,41747.561098477054,25184.67001049431,219.0,0.7,2050
2050,P2_sharpen,L1_W2,0.23181207064930354,444717.5488164498,35551.90477576903,21447.07298973023,219.0,0.7,2050
2050,P2_sharpen,L1_W3,0.1908048095663038,366047.5788643799,29262.817943256905,17653.11299837781,219.0,0.7,2050
2050,P2_sharpen,L2_W0,0.2408061638972384,461972.17706701806,36931.28569324814,22279.19952147035,219.0,0.7,2050
2050,P2_sharpen,L2_W1,0.21869009952089705,419543.83452486974,33539.451038046034,20233.03839795169,219.0,0.7,2050
2050,P2_sharpen,L2_W2,0.1797605161651554,344859.76463188074,27569.00766748703,16631.303538538374,219.0,0.7,2050
2050,P2_sharpen,L2_W3,0.1485485147787805,284981.4126922037,22782.17280577572,13743.593377397314,219.0,0.7,2050
2050,P2_sharpen,L3_W0,0.04753984429682064,91202.3388927926,7290.95776920248,4398.349523812367,219.0,0.7,2050
2050,P2_sharpen,L3_W1,0.03404094782093709,65305.51593759855,5220.696799856283,3149.44209121765,219.0,0.7,2050
2050,P2_sharpen,L3_W2,0.029369971567858137,56344.528254641766,4504.331588613388,2717.28699095699,219.0,0.7,2050
2050,P2_sharpen,L3_W3,0.02901865061584865,55670.54008746868,4450.451180243845,2684.7830489514504,219.0,0.7,2050
2050,P2_emp,L0_W0,0.4194756300787331,804738.8277682448,64332.96426084808,38809.559961707266,219.0,0.7,2050
2050,P2_emp,L0_W1,0.39533038917686486,758417.6318124647,60629.924540238084,36575.66099981754,219.0,0.7,2050
2050,P2_emp,L0_W2,0.3454273346729376,662681.6159299505,52976.532562959845,31958.669100481216,219.0,0.7,2050
2050,P2_emp,L0_W3,0.26841568946737954,514939.3953017996,41165.62612782709,24833.611414069608,219.0,0.7,2050
2050,P2_emp,L1_W0,0.20300102681976298,389445.28989210614,31133.29325200621,18781.497559634186,219.0,0.7,2050
2050,P2_emp,L1_W1,0.1802902016875592,345875.93452548096,27650.242994020526,16680.309632262386,219.0,0.7,2050
2050,P2_emp,L1_W2,0.14610907978130944,280301.50301565527,22408.048367415588,13517.898743386582,219.0,0.7,2050
2050,P2_emp,L1_W3,0.11924714180124603,228768.48671718242,18288.361853745697,11032.653074813981,219.0,0.7,2050
2050,P2_emp,L2_W0,0.13664984931283872,262154.5369157223,20957.331586683817,12642.738076749478,219.0,0.7,2050
2050,P2_emp,L2_W1,0.1151065497727331,220825.00934600207,17653.339125633753,10649.568711659493,219.0,0.7,2050
2050,P2_emp,L2_W2,0.08955282206461833,171801.71596164638,13734.286543081978,8285.357642837498,219.0,0.7,2050
2050,P2_emp,L2_W3,0.07878754426697165,151149.17642352908,12083.267551384857,7289.362490237604,219.0,0.7,2050
2050,P2_emp,L3_W0,0.03166358638195938,60744.69065860616,4856.092285262278,2929.490454696266,219.0,0.7,2050
2050,P2_emp,L3_W1,0.020005237100529667,38378.84706314012,3068.1072060767992,1850.8690210572,219.0,0.7,2050
2050,P2_emp,L3_W2,0.018567235622375992,35620.127507391,2847.5678205498184,1717.8262395708148,219.0,0.7,2050
2050,P2_emp,L3_W3,0.01855869249787964,35603.73803563222,2846.2576025455055,1717.0358363182127,219.0,0.7,2050
2050,P3_burst,L0_W0,0.4160160137786643,798101.7614735408,63802.379512106425,38489.47894480334,219.0,0.7,2050
2050,P3_burst,L0_W1,0.39173862736436793,751527.052280898,60079.07326844076,36243.353982591994,219.0,0.7,2050
2050,P3_burst,L0_W2,0.34178998676070865,655703.5822012139,52418.689969820945,31622.144492663727,219.0,0.7,2050
2050,P3_burst,L0_W3,0.266935411117894,512099.57010501256,40938.60294143676,24696.657209236313,219.0,0.7,2050
2050,P3_burst,L1_W0,0.23466984539390945,450200.0181974917,35990.187973474174,21711.472092693664,219.0,0.7,2050
2050,P3_burst,L1_W1,0.21188056807571717,406480.15701917885,32495.105880226845,19603.02582991946,219.0,0.7,2050
2050,P3_burst,L1_W2,0.17587462252797642,337404.91084257106,26973.046809319483,16271.78367301339,219.0,0.7,2050
2050,P3_burst,L1_W3,0.14461033606431292,277426.2531192205,22178.193236228086,13379.236137072381,219.0,0.7,2050
2050,P3_burst,L2_W0,0.18344998748907956,351937.7939985498,28134.84417812982,16972.650563980493,219.0,0.7,2050
2050,P3_burst,L2_W1,0.16153510900679746,309895.41452300054,24773.864437979333,14945.10300334623,219.0,0.7,2050
2050,P3_burst,L2_W2,0.13161691168996653,252499.1480624994,20185.454097260787,12177.094591282324,219.0,0.7,2050
2050,P3_burst,L2_W3,0.11306195133512877,216902.5699193644,17339.76887558252,10460.404049943805,219.0,0.7,2050
2050,P3_burst,L3_W0,0.1008536770686376,193481.72823555715,15467.444440607855,9330.903983192784,219.0,0.7,2050
2050,P3_burst,L3_W1,0.08459572200397072,162291.8169212976,12974.039896621889,7826.730589809945,219.0,0.7,2050
2050,P3_burst,L3_W2,0.07041408995328344,135085.20672997707,10799.071048714988,6514.656991344369,219.0,0.7,2050
2050,P3_burst,L3_W3,0.060065612077485606,115232.2728339315,9211.97466074861,5557.223844255956,219.0,0.7,2050
2050,P_mix,L0_W0,0.4357185350827113,835899.8664440766,66824.06064925365,40312.340935147586,219.0,0.7,2050
2050,P_mix,L0_W1,0.412127900590297,790642.6496084494,63206.07825202508,38129.75372812383,219.0,0.7,2050
2050,P_mix,L0_W2,0.3631679389900499,696715.9008760712,55697.32390734476,33600.01605280038,219.0,0.7,2050
2050,P_mix,L0_W3,0.2884378598776776,553350.7279037319,44236.33031435765,26686.047091813587,219.0,0.7,2050
2050,P_mix,L1_W0,0.2536184284565487,486551.7378881813,38896.24122079555,23464.580301675578,219.0,0.7,2050
2050,P_mix,L1_W1,0.2308368099206803,442846.5696242299,35402.33371823763,21356.84262350205,219.0,0.7,2050
2050,P_mix,L1_W2,0.19180659057766852,367969.4356278224,29416.45628927769,17745.797000596867,219.0,0.7,2050
2050,P_mix,L1_W3,0.15684318589794483,300894.2415540533,24054.286707993422,14511.009916235169,219.0,0.7,2050
2050,P_mix,L2_W0,0.1964966285004352,376966.9919803749,30135.744897320877,18179.715671753358,219.0,0.7,2050
2050,P_mix,L2_W1,0.17396252835464707,333736.6728966891,26679.798102372948,16094.878203061942,219.0,0.7,2050
2050,P_mix,L2_W2,0.13861760809562676,265929.56407497416,21259.117307640503,12824.793593196177,219.0,0.7,2050
2050,P_mix,L2_W3,0.11669954729345958,223881.07950966462,17897.64951036166,10796.951606794264,219.0,0.7,2050
2050,P_mix,L3_W0,0.04046021159350341,77620.48832944069,6205.188477677838,3743.347396860001,219.0,0.7,2050
2050,P_mix,L3_W1,0.027645978206916808,53037.150431277485,4239.931000539747,2557.784462282131,219.0,0.7,2050
2050,P_mix,L3_W2,0.024343562685028908,46701.66439746686,3733.4553807183825,2252.247539455111,219.0,0.7,2050
2050,P_mix,L3_W3,0.02422015977045076,46464.92331002355,3714.5296679379976,2240.8303975060753,219.0,0.7,2050
