iso2,region,continent,wacc,access,kappa,unc_L0,tot_L0,unc_T1,tot_T1,unc_T2,tot_T2,unc_T3,tot_T3,opt_scope
AE,AS,Asia,0.032,100.0,0.85,52.1,89.0,24.5,105.0,17.0,124.0,13.1,159.0,L0
AF,AS,Asia,0.08,85.3,0.45,53.3,131.0,24.3,159.0,17.0,203.0,14.1,230.0,L0
AR,SA,Americas,0.073,100.0,0.85,27.8,101.0,20.3,126.0,18.1,123.0,6.4,354.0,L0
AT,EU,EurAfrMENA,0.041,100.0,0.85,44.1,109.0,17.8,93.0,15.8,110.0,13.3,170.0,T1
AU,OC,Oceania,0.03,100.0,0.85,22.9,71.0,22.9,71.0,21.3,79.0,21.0,89.0,L0
BD,AS,Asia,0.078,99.5,0.85,58.2,150.0,26.4,219.0,14.8,175.0,11.5,244.0,L0
BE,EU,EurAfrMENA,0.03,100.0,0.85,25.1,72.0,17.7,77.0,16.7,89.0,14.3,141.0,L0
BF,AF,EurAfrMENA,0.144,21.7,0.25,52.0,197.0,51.4,246.0,20.9,296.0,16.2,373.0,L0
BG,EU,EurAfrMENA,0.035,100.0,0.85,33.7,98.0,21.6,125.0,14.7,111.0,11.3,172.0,L0
BH,AS,Asia,0.06,100.0,0.85,56.3,116.0,34.5,160.0,16.4,161.0,13.7,205.0,L0
BI,AF,EurAfrMENA,0.149,11.6,0.25,50.6,195.0,29.0,237.0,22.0,284.0,11.5,498.0,L0
BO,SA,Americas,0.09,99.8,0.85,52.5,122.0,22.2,149.0,19.2,160.0,7.6,345.0,L0
BR,SA,Americas,0.062,99.8,0.85,17.8,86.0,17.8,86.0,16.4,114.0,8.5,252.0,L0
BY,EU,EurAfrMENA,0.052,100.0,0.85,56.7,171.0,21.4,133.0,17.1,133.0,13.9,216.0,T1
CA,NA,Americas,0.045,100.0,0.85,20.8,88.0,18.1,95.0,13.6,102.0,6.9,156.0,L0
CH,EU,EurAfrMENA,0.03,100.0,0.85,55.2,124.0,17.1,80.0,16.2,90.0,14.0,137.0,T1
CL,SA,Americas,0.035,100.0,0.85,31.2,83.0,22.3,89.0,19.7,88.0,7.4,214.0,L0
CN,AS,Asia,0.04,100.0,0.85,12.6,74.0,12.5,75.0,12.1,81.0,8.3,148.0,L0
CO,SA,Americas,0.04,98.7,0.6,51.2,95.0,25.7,123.0,18.0,114.0,7.0,159.0,L0
CR,NA,Americas,0.048,100.0,0.85,53.8,113.0,24.3,110.0,18.0,127.0,9.1,168.0,T1
CU,NA,Americas,0.062,100.0,0.85,28.2,101.0,24.1,131.0,13.4,131.0,6.9,172.0,L0
CV,AF,EurAfrMENA,0.11,98.6,0.6,50.5,154.0,25.0,146.0,18.4,178.0,16.9,305.0,T1
CZ,EU,EurAfrMENA,0.037,100.0,0.85,54.6,144.0,18.2,91.0,16.6,105.0,13.9,165.0,T1
DE,EU,EurAfrMENA,0.03,100.0,0.85,22.9,72.0,17.2,82.0,15.8,95.0,13.2,150.0,L0
DK,EU,EurAfrMENA,0.03,100.0,0.85,24.4,72.0,17.6,79.0,16.4,95.0,13.5,163.0,L0
DO,NA,Americas,0.062,99.6,0.85,35.5,122.0,26.7,131.0,17.4,143.0,6.8,191.0,L0
DZ,AF,EurAfrMENA,0.11,100.0,0.85,55.8,165.0,19.7,181.0,17.0,193.0,15.4,257.0,L0
EC,SA,Americas,0.09,98.7,0.6,51.7,141.0,50.5,206.0,18.9,173.0,8.2,278.0,L0
EE,EU,EurAfrMENA,0.056,100.0,0.85,37.7,101.0,19.0,110.0,15.4,128.0,11.7,259.0,L0
EG,AF,EurAfrMENA,0.077,100.0,0.85,27.2,97.0,26.4,135.0,15.1,175.0,10.9,237.0,L0
ES,EU,EurAfrMENA,0.032,100.0,0.85,23.3,82.0,18.8,83.0,17.1,98.0,15.2,134.0,L0
ET,AF,EurAfrMENA,0.127,55.4,0.25,35.8,160.0,25.7,188.0,19.6,279.0,11.4,449.0,L0
FI,EU,EurAfrMENA,0.03,100.0,0.85,40.8,91.0,20.3,89.0,15.5,98.0,11.3,192.0,T1
FJ,OC,Oceania,0.05,99.3,0.85,46.6,183.0,46.6,183.0,24.4,161.0,18.0,151.0,T3
FR,EU,EurAfrMENA,0.03,100.0,0.85,23.0,80.0,17.7,82.0,17.1,89.0,14.6,137.0,L0
GB,EU,EurAfrMENA,0.03,100.0,0.85,20.7,63.0,18.1,77.0,17.4,88.0,14.6,147.0,L0
GF,SA,Americas,0.09,,0.5,53.1,156.0,50.8,213.0,17.6,179.0,9.2,304.0,L0
GH,AF,EurAfrMENA,0.11,89.5,0.45,52.3,169.0,51.9,196.0,22.7,243.0,13.7,302.0,L0
GR,EU,EurAfrMENA,0.042,100.0,0.85,40.3,120.0,19.8,111.0,15.2,124.0,12.5,173.0,T1
GT,NA,Americas,0.082,100.0,0.85,40.9,155.0,25.7,145.0,16.1,166.0,9.2,222.0,T1
HN,NA,Americas,0.062,95.6,0.6,36.8,115.0,24.4,122.0,17.6,139.0,9.2,199.0,L0
HU,EU,EurAfrMENA,0.036,100.0,0.85,56.0,131.0,18.5,92.0,16.1,109.0,13.5,166.0,T1
ID,AS,Asia,0.072,99.4,0.85,40.7,174.0,40.7,174.0,22.4,196.0,8.5,310.0,L0
IE,EU,EurAfrMENA,0.052,100.0,0.85,31.7,98.0,20.5,94.0,19.1,111.0,16.7,175.0,T1
IL,AS,Asia,0.045,100.0,0.85,43.8,160.0,22.1,122.0,15.9,138.0,15.2,207.0,T1
IN,AS,Asia,0.082,99.5,0.85,23.0,123.0,22.1,126.0,17.7,191.0,12.8,259.0,L0
IR,AS,Asia,0.078,100.0,0.85,39.3,155.0,38.3,190.0,26.1,198.0,23.1,255.0,L0
IT,EU,EurAfrMENA,0.03,100.0,0.85,42.2,117.0,18.1,95.0,16.1,97.0,13.4,141.0,T1
JM,NA,Americas,0.03,97.7,0.6,44.6,108.0,25.2,107.0,15.3,106.0,7.6,138.0,T2
JO,AS,Asia,0.043,100.0,0.85,56.5,100.0,21.7,125.0,15.6,137.0,14.9,203.0,L0
JP,AS,Asia,0.045,100.0,0.85,40.1,123.0,20.7,112.0,15.5,111.0,7.8,217.0,T2
KE,AF,EurAfrMENA,0.052,76.2,0.25,34.1,102.0,24.9,115.0,24.1,132.0,11.9,251.0,L0
KH,AS,Asia,0.08,95.0,0.6,56.0,133.0,25.6,158.0,14.2,184.0,8.5,274.0,L0
KR,AS,Asia,0.045,100.0,0.85,42.2,139.0,17.8,98.0,14.9,117.0,8.1,207.0,T1
KW,AS,Asia,0.06,100.0,0.85,57.4,120.0,24.7,150.0,15.5,158.0,13.3,209.0,L0
KZ,AS,Asia,0.078,100.0,0.85,54.0,145.0,29.6,152.0,17.4,191.0,13.6,234.0,L0
LC,NA,Americas,0.062,100.0,0.85,51.8,109.0,33.7,171.0,17.7,170.0,6.6,208.0,L0
LK,AS,Asia,0.078,100.0,0.85,29.4,107.0,25.8,134.0,19.5,235.0,12.5,277.0,L0
LY,AF,EurAfrMENA,0.118,73.2,0.25,25.1,122.0,21.0,173.0,14.7,217.0,12.3,274.0,L0
MA,AF,EurAfrMENA,0.036,100.0,0.85,36.1,94.0,23.6,102.0,17.4,112.0,15.8,143.0,L0
MG,AF,EurAfrMENA,0.135,39.4,0.25,49.5,181.0,49.0,203.0,20.3,275.0,9.6,617.0,L0
MM,AS,Asia,0.085,76.8,0.25,55.2,147.0,26.6,225.0,14.9,183.0,10.8,280.0,L0
MN,AS,Asia,0.078,100.0,0.85,29.3,119.0,19.6,125.0,15.8,165.0,10.1,277.0,L0
MR,AF,EurAfrMENA,0.13,50.3,0.25,26.5,153.0,25.7,174.0,22.4,206.0,16.8,345.0,L0
MU,AF,EurAfrMENA,0.11,100.0,0.85,51.5,160.0,49.8,218.0,47.5,338.0,8.4,566.0,L0
MX,NA,Americas,0.067,99.7,0.85,26.4,96.0,17.5,108.0,14.8,127.0,10.1,195.0,L0
MY,AS,Asia,0.058,100.0,0.85,53.8,121.0,30.7,154.0,17.2,191.0,10.1,277.0,L0
NE,AF,EurAfrMENA,0.145,20.1,0.25,54.9,203.0,53.3,319.0,21.3,299.0,17.2,407.0,L0
NG,AF,EurAfrMENA,0.124,61.2,0.25,52.3,189.0,50.4,246.0,20.6,239.0,14.5,341.0,L0
NI,NA,Americas,0.063,88.3,0.45,52.3,113.0,27.9,123.0,17.8,143.0,10.2,194.0,L0
NL,EU,EurAfrMENA,0.03,100.0,0.85,22.7,67.0,17.0,79.0,16.3,89.0,13.9,140.0,L0
NO,EU,EurAfrMENA,0.03,100.0,0.85,45.4,99.0,18.4,82.0,16.5,95.0,13.7,167.0,T1
NP,AS,Asia,0.078,94.0,0.45,51.8,144.0,48.5,209.0,15.8,188.0,12.1,258.0,L0
NZ,OC,Oceania,0.045,100.0,0.85,40.0,97.0,40.0,97.0,18.9,126.0,17.9,134.0,L0
OM,AS,Asia,0.06,100.0,0.85,53.4,108.0,27.4,131.0,16.9,173.0,13.3,220.0,L0
PA,NA,Americas,0.062,97.0,0.6,52.7,120.0,28.7,158.0,15.3,146.0,7.0,190.0,L0
PE,SA,Americas,0.03,96.2,0.6,23.9,71.0,23.7,77.0,19.4,100.0,7.5,184.0,L0
PH,AS,Asia,0.078,98.0,0.6,30.0,113.0,22.1,136.0,15.9,192.0,8.2,302.0,L0
PK,AS,Asia,0.044,95.6,0.6,28.0,95.0,22.7,108.0,18.7,119.0,12.5,170.0,L0
PL,EU,EurAfrMENA,0.03,100.0,0.85,30.8,99.0,18.5,85.0,16.8,102.0,14.0,159.0,T1
PS,AS,Asia,0.078,100.0,0.85,56.5,131.0,21.7,163.0,15.5,185.0,14.8,269.0,L0
PT,EU,EurAfrMENA,0.033,100.0,0.85,38.7,112.0,20.2,87.0,18.3,98.0,16.1,140.0,T1
PY,SA,Americas,0.09,99.8,0.85,32.4,154.0,23.5,170.0,15.4,157.0,9.8,328.0,L0
RO,EU,EurAfrMENA,0.057,100.0,0.85,32.9,121.0,22.1,139.0,15.1,135.0,11.6,222.0,L0
RU,EU,EurAfrMENA,0.052,100.0,0.85,34.0,120.0,34.0,120.0,17.0,167.0,10.5,261.0,L0
RW,AF,EurAfrMENA,0.123,63.9,0.25,50.7,170.0,31.4,175.0,21.0,249.0,11.4,431.0,L0
SA,AS,Asia,0.03,100.0,0.85,56.1,87.0,23.0,106.0,13.8,112.0,12.8,167.0,L0
SE,EU,EurAfrMENA,0.03,100.0,0.85,44.1,106.0,18.8,84.0,17.0,98.0,13.8,167.0,T1
SK,EU,EurAfrMENA,0.035,100.0,0.85,55.7,134.0,18.9,92.0,16.6,108.0,14.1,165.0,T1
SN,AF,EurAfrMENA,0.07,74.2,0.25,53.1,123.0,24.8,120.0,22.7,140.0,16.4,221.0,T1
SR,SA,Americas,0.09,99.6,0.85,54.7,149.0,52.3,207.0,17.2,196.0,8.5,317.0,L0
SV,NA,Americas,0.039,98.3,0.6,51.1,92.0,27.3,94.0,16.8,114.0,9.0,150.0,L0
TH,AS,Asia,0.095,100.0,0.85,35.4,154.0,22.2,212.0,14.2,206.0,9.0,307.0,L0
TN,AF,EurAfrMENA,0.088,100.0,0.85,38.6,134.0,18.4,157.0,16.4,165.0,13.7,235.0,L0
TR,AS,Asia,0.052,100.0,0.85,37.1,112.0,22.8,132.0,16.0,137.0,16.3,220.0,L0
TW,AS,Asia,0.078,,0.5,49.3,349.0,20.0,127.0,14.8,170.0,7.9,290.0,T1
UA,EU,EurAfrMENA,0.119,100.0,0.85,54.1,204.0,21.6,262.0,16.0,228.0,12.3,386.0,L0
UG,AF,EurAfrMENA,0.06,51.5,0.25,52.8,116.0,25.2,123.0,24.6,148.0,12.9,256.0,L0
US,NA,Americas,0.034,100.0,0.85,10.5,76.0,10.5,76.0,9.9,85.0,8.5,129.0,L0
UY,SA,Americas,0.03,100.0,0.85,28.0,84.0,20.0,89.0,17.4,99.0,10.0,202.0,L0
UZ,AS,Asia,0.078,100.0,0.85,54.7,143.0,51.9,202.0,17.6,205.0,14.5,223.0,L0
VN,AS,Asia,0.063,99.8,0.85,34.7,122.0,26.2,136.0,17.3,168.0,9.7,252.0,L0
ZA,AF,EurAfrMENA,0.06,87.7,0.45,23.5,108.0,23.5,117.0,23.2,125.0,11.1,319.0,L0
ZM,AF,EurAfrMENA,0.03,51.1,0.25,51.6,86.0,50.6,117.0,18.5,112.0,11.5,198.0,L0
